Workbook

Sheet Training 1+Uji 1
A1: No | B1: Kepala Rumah Tangga | C1: Data | D1: Kelas Kesejahteraan | E1: IM 1 | F1: IM 2 | G1: IM 3 | H1: IM 4 | I1: IM 5 | J1: IM 6 | K1: IM 7 | L1: IM 8 | M1: IM 9 | N1: IM 10 | O1: IM 11 | P1: IM 12 | Q1: IM 13 | R1: IM 14 | S1: IM 15 | T1: IM 16 | U1: IM 17 | V1: IM 18 | W1: IM 19 | X1: IM 20 | Y1: IM 21 | Z1: IM 22 | AA1: IM 23 | AB1: IM 24 | AC1: IM 25 | AD1: IM 26 | AE1: IM 27 | AF1: IM 28 | AG1: IM 29 | AH1: IM 30 | AI1: IM 31 | AJ1: IM 32 | AK1: IM 33 | AL1: IM 34 | AM1: IM 35 | AN1: IM 36
A2: =ROW()-1 -> 1 | B2: Nanang Fathoni | C2: Training | D2: 1 | E2: C | F2: B | G2: A | H2: D | I2: D | J2: D | K2: C | L2: C | M2: B | N2: C | O2: A | P2: C | Q2: D | R2: B | S2: B | T2: D | U2: D | V2: D | W2: C | X2: A | Y2: B | Z2: A | AA2: A | AB2: A | AC2: A | AD2: A | AE2: A | AF2: A | AG2: B | AH2: A | AI2: A | AJ2: B | AK2: A | AL2: A | AM2: A | AN2: B
A3: =ROW()-1 -> 2 | B3: Muhaimin | C3: Training | D3: 1 | E3: D | F3: B | G3: C | H3: B | I3: D | J3: B | K3: D | L3: C | M3: C | N3: B | O3: B | P3: A | Q3: D | R3: B | S3: B | T3: D | U3: D | V3: D | W3: A | X3: A | Y3: A | Z3: D | AA3: B | AB3: A | AC3: A | AD3: A | AE3: A | AF3: A | AG3: A | AH3: B | AI3: A | AJ3: B | AK3: A | AL3: A | AM3: A | AN3: B
A4: =ROW()-1 -> 3 | B4: Sujiati | C4: Training | D4: 1 | E4: C | F4: B | G4: A | H4: D | I4: D | J4: D | K4: D | L4: C | M4: B | N4: B | O4: A | P4: B | Q4: D | R4: B | S4: B | T4: D | U4: D | V4: D | W4: C | X4: A | Y4: B | Z4: C | AA4: B | AB4: A | AC4: A | AD4: A | AE4: A | AF4: A | AG4: A | AH4: A | AI4: A | AJ4: A | AK4: A | AL4: A | AM4: B | AN4: B
A5: =ROW()-1 -> 4 | B5: Supriadi | C5: Training | D5: 1 | E5: D | F5: B | G5: C | H5: B | I5: D | J5: D | K5: D | L5: C | M5: B | N5: B | O5: A | P5: C | Q5: D | R5: B | S5: C | T5: D | U5: C | V5: C | W5: B | X5: A | Y5: B | Z5: B | AA5: B | AB5: A | AC5: A | AD5: A | AE5: A | AF5: A | AG5: A | AH5: B | AI5: A | AJ5: B | AK5: A | AL5: A | AM5: A | AN5: B
A6: =ROW()-1 -> 5 | B6: Lilik Rohma | C6: Training | D6: 1 | E6: C | F6: B | G6: B | H6: D | I6: D | J6: B | K6: C | L6: C | M6: C | N6: B | O6: A | P6: D | Q6: D | R6: B | S6: B | T6: D | U6: D | V6: D | W6: D | X6: A | Y6: B | Z6: C | AA6: B | AB6: A | AC6: A | AD6: A | AE6: A | AF6: A | AG6: B | AH6: B | AI6: A | AJ6: A | AK6: A | AL6: A | AM6: A | AN6: B
A7: =ROW()-1 -> 6 | B7: Supaiji Susanto | C7: Training | D7: 1 | E7: B | F7: B | G7: C | H7: D | I7: D | J7: B | K7: D | L7: C | M7: C | N7: C | O7: B | P7: B | Q7: D | R7: B | S7: B | T7: D | U7: D | V7: D | W7: D | X7: A | Y7: B | Z7: C | AA7: B | AB7: A | AC7: A | AD7: A | AE7: A | AF7: A | AG7: A | AH7: B | AI7: A | AJ7: B | AK7: A | AL7: A | AM7: A | AN7: B
A8: =ROW()-1 -> 7 | B8: Duparji | C8: Training | D8: 1 | E8: B | F8: B | G8: A | H8: B | I8: D | J8: D | K8: C | L8: C | M8: B | N8: B | O8: A | P8: D | Q8: D | R8: B | S8: C | T8: C | U8: C | V8: C | W8: D | X8: A | Y8: A | Z8: A | AA8: B | AB8: A | AC8: A | AD8: A | AE8: A | AF8: A | AG8: A | AH8: B | AI8: A | AJ8: B | AK8: A | AL8: A | AM8: B | AN8: B
A9: =ROW()-1 -> 8 | B9: Siti Juariyah | C9: Training | D9: 1 | E9: B | F9: D | G9: B | H9: D | I9: D | J9: D | K9: D | L9: C | M9: B | N9: B | O9: B | P9: A | Q9: D | R9: B | S9: A | T9: D | U9: D | V9: D | W9: B | X9: A | Y9: B | Z9: C | AA9: B | AB9: A | AC9: A | AD9: A | AE9: A | AF9: A | AG9: A | AH9: B | AI9: A | AJ9: B | AK9: A | AL9: A | AM9: A | AN9: B
A10: =ROW()-1 -> 9 | B10: Lilik Utami | C10: Training | D10: 1 | E10: B | F10: B | G10: C | H10: B | I10: D | J10: D | K10: D | L10: C | M10: C | N10: C | O10: B | P10: C | Q10: D | R10: B | S10: B | T10: D | U10: D | V10: D | W10: C | X10: A | Y10: B | Z10: A | AA10: B | AB10: A | AC10: A | AD10: A | AE10: A | AF10: A | AG10: A | AH10: B | AI10: A | AJ10: B | AK10: A | AL10: A | AM10: A | AN10: B
A11: =ROW()-1 -> 10 | B11: Sugito | C11: Training | D11: 1 | E11: B | F11: D | G11: C | H11: D | I11: D | J11: D | K11: D | L11: C | M11: B | N11: B | O11: C | P11: A | Q11: A | R11: B | S11: A | T11: C | U11: C | V11: C | W11: D | X11: A | Y11: A | Z11: C | AA11: B | AB11: A | AC11: A | AD11: A | AE11: A | AF11: A | AG11: A | AH11: B | AI11: A | AJ11: B | AK11: A | AL11: A | AM11: A | AN11: B
A12: =ROW()-1 -> 11 | B12: Sumbri | C12: Training | D12: 1 | E12: A | F12: C | G12: B | H12: B | I12: D | J12: D | K12: D | L12: C | M12: B | N12: B | O12: A | P12: A | Q12: D | R12: B | S12: D | T12: D | U12: D | V12: D | W12: A | X12: A | Y12: A | Z12: A | AA12: B | AB12: B | AC12: B | AD12: A | AE12: A | AF12: A | AG12: A | AH12: B | AI12: A | AJ12: B | AK12: A | AL12: A | AM12: A | AN12: B
A13: =ROW()-1 -> 12 | B13: Agung Irianto | C13: Training | D13: 1 | E13: D | F13: B | G13: A | H13: C | I13: D | J13: D | K13: D | L13: C | M13: C | N13: B | O13: B | P13: C | Q13: A | R13: B | S13: C | T13: D | U13: C | V13: D | W13: D | X13: A | Y13: A | Z13: C | AA13: B | AB13: B | AC13: B | AD13: A | AE13: A | AF13: A | AG13: A | AH13: B | AI13: A | AJ13: B | AK13: A | AL13: B | AM13: B | AN13: B
... A115: =ROW()-1 -> 114 | B115: Soim Qodari | C115: Uji | D115: 6 | E115: D | F115: D | G115: A | H115: D | I115: D | J115: D | K115: D | L115: C | M115: B | N115: A | O115: B | P115: D | Q115: D | R115: B | S115: D | T115: D | U115: B | V115: D | W115: B | X115: A | Y115: C | Z115: C | AA115: B | AB115: A | AC115: A | AD115: A | AE115: A | AF115: A | AG115: A | AH115: B | AI115: A | AJ115: B | AK115: B | AL115: A | AM115: B | AN115: B

Sheet Data Training 1
A1: No | B1: Kepala Rumah Tangga | C1: Kelas Kesejahteraan | D1: IM 1 | E1: IM 2 | F1: IM 3 | G1: IM 4 | H1: IM 5 | I1: IM 6 | J1: IM 7 | K1: IM 8 | L1: IM 9 | M1: IM 10 | N1: IM 11 | O1: IM 12 | P1: IM 13 | Q1: IM 14 | R1: IM 15 | S1: IM 16 | T1: IM 17 | U1: IM 18 | V1: IM 19 | W1: IM 20 | X1: IM 21 | Y1: IM 22 | Z1: IM 23 | AA1: IM 24 | AB1: IM 25 | AC1: IM 26 | AD1: IM 27 | AE1: IM 28 | AF1: IM 29 | AG1: IM 30 | AH1: IM 31 | AI1: IM 32 | AJ1: IM 33 | AK1: IM 34 | AL1: IM 35 | AM1: IM 36
A2: =ROW()-1 -> 1 | B2: Nanang Fathoni | C2: 1 | D2: C | E2: B | F2: A | G2: D | H2: D | I2: D | J2: C | K2: C | L2: B | M2: C | N2: A | O2: C | P2: D | Q2: B | R2: B | S2: D | T2: D | U2: D | V2: C | W2: A | X2: B | Y2: A | Z2: A | AA2: A | AB2: A | AC2: A | AD2: A | AE2: A | AF2: B | AG2: A | AH2: A | AI2: B | AJ2: A | AK2: A | AL2: A | AM2: B
A3: =ROW()-1 -> 2 | B3: Muhaimin | C3: 1 | D3: D | E3: B | F3: C | G3: B | H3: D | I3: B | J3: D | K3: C | L3: C | M3: B | N3: B | O3: A | P3: D | Q3: B | R3: B | S3: D | T3: D | U3: D | V3: A | W3: A | X3: A | Y3: D | Z3: B | AA3: A | AB3: A | AC3: A | AD3: A | AE3: A | AF3: A | AG3: B | AH3: A | AI3: B | AJ3: A | AK3: A | AL3: A | AM3: B
A4: =ROW()-1 -> 3 | B4: Sujiati | C4: 1 | D4: C | E4: B | F4: A | G4: D | H4: D | I4: D | J4: D | K4: C | L4: B | M4: B | N4: A | O4: B | P4: D | Q4: B | R4: B | S4: D | T4: D | U4: D | V4: C | W4: A | X4: B | Y4: C | Z4: B | AA4: A | AB4: A | AC4: A | AD4: A | AE4: A | AF4: A | AG4: A | AH4: A | AI4: A | AJ4: A | AK4: A | AL4: B | AM4: B | AR4: Rumus
A5: =ROW()-1 -> 4 | B5: Supriadi | C5: 1 | D5: D | E5: B | F5: C | G5: B | H5: D | I5: D | J5: D | K5: C | L5: B | M5: B | N5: A | O5: C | P5: D | Q5: B | R5: C | S5: D | T5: C | U5: C | V5: B | W5: A | X5: B | Y5: B | Z5: B | AA5: A | AB5: A | AC5: A | AD5: A | AE5: A | AF5: A | AG5: B | AH5: A | AI5: B | AJ5: A | AK5: A | AL5: A | AM5: B | AT5: Jumlah data latih (n) | AU5: Jumlah data uji (n)
A6: =ROW()-1 -> 5 | B6: Lilik Rohma | C6: 1 | D6: C | E6: B | F6: B | G6: D | H6: D | I6: B | J6: C | K6: C | L6: C | M6: B | N6: A | O6: D | P6: D | Q6: B | R6: B | S6: D | T6: D | U6: D | V6: D | W6: A | X6: B | Y6: C | Z6: B | AA6: A | AB6: A | AC6: A | AD6: A | AE6: A | AF6: B | AG6: B | AH6: A | AI6: A | AJ6: A | AK6: A | AL6: A | AM6: B | AT6: =COUNT(A2:A79) -> 78
A7: =ROW()-1 -> 6 | B7: Supaiji Susanto | C7: 1 | D7: B | E7: B | F7: C | G7: D | H7: D | I7: B | J7: D | K7: C | L7: C | M7: C | N7: B | O7: B | P7: D | Q7: B | R7: B | S7: D | T7: D | U7: D | V7: D | W7: A | X7: B | Y7: C | Z7: B | AA7: A | AB7: A | AC7: A | AD7: A | AE7: A | AF7: A | AG7: B | AH7: A | AI7: B | AJ7: A | AK7: A | AL7: A | AM7: B
A8: =ROW()-1 -> 7 | B8: Duparji | C8: 1 | D8: B | E8: B | F8: A | G8: B | H8: D | I8: D | J8: C | K8: C | L8: B | M8: B | N8: A | O8: D | P8: D | Q8: B | R8: C | S8: C | T8: C | U8: C | V8: D | W8: A | X8: A | Y8: A | Z8: B | AA8: A | AB8: A | AC8: A | AD8: A | AE8: A | AF8: A | AG8: B | AH8: A | AI8: B | AJ8: A | AK8: A | AL8: B | AM8: B | AT8: Kelas Kesejahteraan | AU8: KK1 | AV8: KK2 | AW8: KK3 | AX8: KK4 | AY8: KK5 | AZ8: KK6
A9: =ROW()-1 -> 8 | B9: Siti Juariyah | C9: 1 | D9: B | E9: D | F9: B | G9: D | H9: D | I9: D | J9: D | K9: C | L9: B | M9: B | N9: B | O9: A | P9: D | Q9: B | R9: A | S9: D | T9: D | U9: D | V9: B | W9: A | X9: B | Y9: C | Z9: B | AA9: A | AB9: A | AC9: A | AD9: A | AE9: A | AF9: A | AG9: B | AH9: A | AI9: B | AJ9: A | AK9: A | AL9: A | AM9: B | AR9: Keterangan | AU9: =COUNTIF(C:C,1) -> 13 | AV9: =COUNTIF(C:C,2) -> 13 | AW9: =COUNTIF(C:C,3) -> 13 | AX9: =COUNTIF(C:C,4) -> 13 | AY9: =COUNTIF(C:C,5) -> 13 | AZ9: =COUNTIF(C:C,6) -> 13
A10: =ROW()-1 -> 9 | B10: Lilik Utami | C10: 1 | D10: B | E10: B | F10: C | G10: B | H10: D | I10: D | J10: D | K10: C | L10: C | M10: C | N10: B | O10: C | P10: D | Q10: B | R10: B | S10: D | T10: D | U10: D | V10: C | W10: A | X10: B | Y10: A | Z10: B | AA10: A | AB10: A | AC10: A | AD10: A | AE10: A | AF10: A | AG10: B | AH10: A | AI10: B | AJ10: A | AK10: A | AL10: A | AM10: B | AR10: X: Data dengan class yang belum diketahui
A11: =ROW()-1 -> 10 | B11: Sugito | C11: 1 | D11: B | E11: D | F11: C | G11: D | H11: D | I11: D | J11: D | K11: C | L11: B | M11: B | N11: C | O11: A | P11: A | Q11: B | R11: A | S11: C | T11: C | U11: C | V11: D | W11: A | X11: A | Y11: C | Z11: B | AA11: A | AB11: A | AC11: A | AD11: A | AE11: A | AF11: A | AG11: B | AH11: A | AI11: B | AJ11: A | AK11: A | AL11: A | AM11: B | AR11: H: Hipotesis data yang merupakan suatu class spesifik
A12: =ROW()-1 -> 11 | B12: Sumbri | C12: 1 | D12: A | E12: C | F12: B | G12: B | H12: D | I12: D | J12: D | K12: C | L12: B | M12: B | N12: A | O12: A | P12: D | Q12: B | R12: D | S12: D | T12: D | U12: D | V12: A | W12: A | X12: A | Y12: A | Z12: B | AA12: B | AB12: B | AC12: A | AD12: A | AE12: A | AF12: A | AG12: B | AH12: A | AI12: B | AJ12: A | AK12: A | AL12: A | AM12: B | AR12: P(H|X) : Probabilitas data X terhadap kelas H (posterior probabilitas)
A13: =ROW()-1 -> 12 | B13: Agung Irianto | C13: 1 | D13: D | E13: B | F13: A | G13: C | H13: D | I13: D | J13: D | K13: C | L13: C | M13: B | N13: B | O13: C | P13: A | Q13: B | R13: C | S13: D | T13: C | U13: D | V13: D | W13: A | X13: A | Y13: C | Z13: B | AA13: B | AB13: B | AC13: A | AD13: A | AE13: A | AF13: A | AG13: B | AH13: A | AI13: B | AJ13: A | AK13: B | AL13: B | AM13: B | AR13: P(H) : Probabilitas awal dari kelas H (prior probabilitas)
A14: =ROW()-1 -> 13 | B14: Maftuqin | C14: 1 | D14: D | E14: D | F14: A | G14: D | H14: D | I14: D | J14: D | K14: C | L14: B | M14: A | N14: B | O14: B | P14: D | Q14: B | R14: B | S14: D | T14: B | U14: B | V14: D | W14: A | X14: B | Y14: C | Z14: B | AA14: B | AB14: B | AC14: A | AD14: A | AE14: A | AF14: A | AG14: B | AH14: A | AI14: B | AJ14: B | AK14: A | AL14: A | AM14: B | AR14: P(X|H) : Probabilitas munculnya data X pada kelas H (likelihood)
A15: =ROW()-1 -> 14 | B15: Sigit Pramono | C15: 2 | D15: A | E15: D | F15: B | G15: B | H15: D | I15: D | J15: D | K15: C | L15: C | M15: B | N15: A | O15: C | P15: D | Q15: B | R15: A | S15: D | T15: D | U15: D | V15: A | W15: A | X15: A | Y15: A | Z15: B | AA15: A | AB15: A | AC15: A | AD15: A | AE15: A | AF15: A | AG15: B | AH15: A | AI15: A | AJ15: A | AK15: A | AL15: B | AM15: B | AR15: P(X) : Probabilitas kemunculan data X (evidence)
A16: =ROW()-1 -> 15 | B16: Choiri Zain | C16: 2 | D16: D | E16: B | F16: A | G16: B | H16: D | I16: D | J16: B | K16: A | L16: B | M16: B | N16: A | O16: A | P16: D | Q16: B | R16: A | S16: D | T16: D | U16: D | V16: A | W16: A | X16: A | Y16: A | Z16: B | AA16: A | AB16: A | AC16: A | AD16: A | AE16: A | AF16: A | AG16: B | AH16: A | AI16: B | AJ16: A | AK16: A | AL16: A | AM16: B
A17: =ROW()-1 -> 16 | B17: Musana | C17: 2 | D17: D | E17: D | F17: C | G17: C | H17: D | I17: D | J17: C | K17: C | L17: C | M17: A | N17: A | O17: A | P17: D | Q17: A | R17: D | S17: D | T17: D | U17: D | V17: D | W17: A | X17: B | Y17: C | Z17: B | AA17: A | AB17: A | AC17: A | AD17: A | AE17: A | AF17: A | AG17: A | AH17: A | AI17: B | AJ17: A | AK17: A | AL17: A | AM17: A
A18: =ROW()-1 -> 17 | B18: Edy Askandar | C18: 2 | D18: D | E18: D | F18: B | G18: D | H18: D | I18: D | J18: D | K18: C | L18: C | M18: A | N18: A | O18: C | P18: D | Q18: A | R18: C | S18: D | T18: B | U18: A | V18: D | W18: C | X18: A | Y18: A | Z18: B | AA18: A | AB18: A | AC18: A | AD18: A | AE18: A | AF18: A | AG18: B | AH18: A | AI18: B | AJ18: A | AK18: A | AL18: A | AM18: B
A19: =ROW()-1 -> 18 | B19: Aslicha | C19: 2 | D19: C | E19: D | F19: A | G19: D | H19: D | I19: D | J19: C | K19: C | L19: B | M19: A | N19: A | O19: D | P19: D | Q19: A | R19: D | S19: D | T19: C | U19: D | V19: D | W19: A | X19: A | Y19: A | Z19: B | AA19: A | AB19: A | AC19: A | AD19: A | AE19: A | AF19: A | AG19: B | AH19: A | AI19: B | AJ19: A | AK19: A | AL19: A | AM19: B
A20: =ROW()-1 -> 19 | B20: Mardia Ningsih | C20: 2 | D20: D | E20: D | F20: B | G20: D | H20: D | I20: D | J20: C | K20: C | L20: B | M20: C | N20: C | O20: B | P20: D | Q20: B | R20: A | S20: D | T20: D | U20: D | V20: D | W20: A | X20: A | Y20: C | Z20: B | AA20: A | AB20: A | AC20: A | AD20: A | AE20: A | AF20: A | AG20: B | AH20: A | AI20: A | AJ20: A | AK20: A | AL20: B | AM20: A
A21: =ROW()-1 -> 20 | B21: Palilo | C21: 2 | D21: A | E21: D | F21: C | G21: D | H21: D | I21: D | J21: D | K21: C | L21: B | M21: C | N21: B | O21: D | P21: D | Q21: B | R21: B | S21: D | T21: D | U21: D | V21: D | W21: A | X21: B | Y21: C | Z21: B | AA21: A | AB21: A | AC21: A | AD21: A | AE21: A | AF21: A | AG21: B | AH21: A | AI21: B | AJ21: A | AK21: A | AL21: B | AM21: B | AR21: 1. Menentukan probabilitas kelas P(H) / Prior probability
A22: =ROW()-1 -> 21 | B22: Harmanto | C22: 2 | D22: B | E22: D | F22: B | G22: D | H22: D | I22: D | J22: C | K22: C | L22: C | M22: C | N22: C | O22: C | P22: D | Q22: B | R22: B | S22: D | T22: D | U22: D | V22: D | W22: A | X22: A | Y22: A | Z22: B | AA22: A | AB22: A | AC22: A | AD22: A | AE22: A | AF22: A | AG22: B | AH22: A | AI22: B | AJ22: A | AK22: A | AL22: A | AM22: B | AS22: Kelas Kesejahteraan 1 | AT22: Sangat miskin | AU22: 13 | AV22: /78 | AW22: =AU9/AT6 -> 0.16666667
A23: =ROW()-1 -> 22 | B23: Masprio | C23: 2 | D23: D | E23: B | F23: C | G23: C | H23: D | I23: D | J23: D | K23: C | L23: C | M23: C | N23: B | O23: C | P23: D | Q23: B | R23: C | S23: D | T23: C | U23: C | V23: C | W23: A | X23: A | Y23: A | Z23: B | AA23: A | AB23: A | AC23: A | AD23: A | AE23: A | AF23: A | AG23: B | AH23: A | AI23: B | AJ23: A | AK23: A | AL23: B | AM23: B | AS23: Kelas Kesejahteraan 2 | AT23: Miskin | AU23: 13 | AV23: /78 | AW23: =AV9/AT6 -> 0.16666667
A24: =ROW()-1 -> 23 | B24: Susito | C24: 2 | D24: A | E24: D | F24: B | G24: D | H24: D | I24: D | J24: D | K24: C | L24: B | M24: C | N24: B | O24: C | P24: D | Q24: B | R24: B | S24: D | T24: D | U24: D | V24: B | W24: A | X24: A | Y24: C | Z24: B | AA24: A | AB24: A | AC24: A | AD24: A | AE24: A | AF24: A | AG24: B | AH24: A | AI24: A | AJ24: A | AK24: A | AL24: A | AM24: B | AS24: Kelas Kesejahteraan 3 | AT24: Hampir Miskin | AU24: 13 | AV24: /78 | AW24: =AW9/AT6 -> 0.16666667
A25: =ROW()-1 -> 24 | B25: Achmad Toha | C25: 2 | D25: D | E25: D | F25: C | G25: C | H25: D | I25: B | J25: C | K25: C | L25: B | M25: B | N25: A | O25: D | P25: D | Q25: A | R25: D | S25: D | T25: C | U25: D | V25: D | W25: B | X25: A | Y25: C | Z25: B | AA25: B | AB25: A | AC25: A | AD25: A | AE25: A | AF25: A | AG25: B | AH25: A | AI25: B | AJ25: A | AK25: A | AL25: B | AM25: B | AS25: Kelas Kesejahteraan 4 | AT25: Rentan Miskin | AU25: 13 | AV25: /78 | AW25: =AX9/AT6 -> 0.16666667
A26: =ROW()-1 -> 25 | B26: Jumani | C26: 2 | D26: D | E26: B | F26: D | G26: D | H26: D | I26: D | J26: D | K26: C | L26: B | M26: B | N26: B | O26: D | P26: D | Q26: B | R26: D | S26: D | T26: D | U26: D | V26: D | W26: B | X26: A | Y26: A | Z26: B | AA26: B | AB26: B | AC26: A | AD26: A | AE26: A | AF26: A | AG26: B | AH26: A | AI26: A | AJ26: B | AK26: A | AL26: A | AM26: B | AS26: Kelas Kesejahteraan 5 | AT26: Pas-Pasan | AU26: 13 | AV26: /78 | AW26: =AY9/AT6 -> 0.16666667
A27: =ROW()-1 -> 26 | B27: Hariyadi | C27: 2 | D27: B | E27: B | F27: B | G27: C | H27: D | I27: D | J27: C | K27: C | L27: C | M27: A | N27: A | O27: A | P27: D | Q27: A | R27: D | S27: D | T27: D | U27: D | V27: D | W27: A | X27: B | Y27: C | Z27: B | AA27: A | AB27: A | AC27: A | AD27: A | AE27: A | AF27: A | AG27: A | AH27: A | AI27: B | AJ27: A | AK27: A | AL27: A | AM27: B | AS27: Kelas Kesejahteraan 6 | AT27: Menengah Keatas | AU27: 13 | AV27: /78 | AW27: =AZ9/AT6 -> 0.16666667
A28: =ROW()-1 -> 27 | B28: Suwari | C28: 3 | D28: D | E28: B | F28: B | G28: D | H28: D | I28: D | J28: C | K28: C | L28: B | M28: B | N28: A | O28: D | P28: C | Q28: B | R28: C | S28: D | T28: D | U28: D | V28: D | W28: A | X28: B | Y28: B | Z28: B | AA28: A | AB28: A | AC28: A | AD28: A | AE28: A | AF28: A | AG28: B | AH28: A | AI28: B | AJ28: A | AK28: A | AL28: A | AM28: B
A29: =ROW()-1 -> 28 | B29: Suratmi | C29: 3 | D29: D | E29: A | F29: A | G29: B | H29: D | I29: D | J29: D | K29: C | L29: C | M29: B | N29: A | O29: C | P29: C | Q29: C | R29: D | S29: D | T29: B | U29: B | V29: C | W29: A | X29: D | Y29: B | Z29: B | AA29: B | AB29: B | AC29: A | AD29: A | AE29: A | AF29: A | AG29: B | AH29: A | AI29: A | AJ29: A | AK29: A | AL29: A | AM29: B | AR29: 2. Menentukan probabilitas atribut setiap kelasnya (P(X|H)) / Likelihood
A30: =ROW()-1 -> 29 | B30: Komsatun | C30: 3 | D30: D | E30: D | F30: A | G30: D | H30: D | I30: C | J30: D | K30: C | L30: B | M30: A | N30: A | O30: C | P30: D | Q30: D | R30: D | S30: D | T30: D | U30: D | V30: A | W30: A | X30: A | Y30: D | Z30: B | AA30: A | AB30: A | AC30: A | AD30: A | AE30: A | AF30: A | AG30: B | AH30: A | AI30: B | AJ30: A | AK30: A | AL30: A | AM30: B | AS30: P(IM 1 | Kelas Kesejahteraan) | AT30: 1 | AU30: 2 | AV30: 3 | AW30: 4 | AX30: 5 | AY30: 6
A31: =ROW()-1 -> 30 | B31: Sri Astuti | C31: 3 | D31: C | E31: B | F31: B | G31: C | H31: D | I31: C | J31: D | K31: C | L31: B | M31: A | N31: A | O31: D | P31: D | Q31: A | R31: D | S31: D | T31: D | U31: D | V31: D | W31: A | X31: A | Y31: A | Z31: A | AA31: A | AB31: A | AC31: A | AD31: A | AE31: A | AF31: A | AG31: A | AH31: A | AI31: B | AJ31: A | AK31: A | AL31: B | AM31: A | AS31: P(IM 1 A | Kelas Kesejahteraan) | AT31: =COUNTIFS(D:D,"A",C:C,1)/COUNTIF(C:C,1) -> 0.076923077 | AU31: =COUNTIFS(D:D,"A",C:C,2)/COUNTIF(C:C,2) -> 0.23076923 | AV31: =COUNTIFS(D:D,"A",C:C,3)/COUNTIF(C:C,3) -> 0.076923077 | AW31: =COUNTIFS(D:D,"A",C:C,4)/COUNTIF(C:C,4) -> 0 | AX31: =COUNTIFS(D:D,"A",C:C,5)/COUNTIF(C:C,5) -> 0.076923077 | AY31: =COUNTIFS(D:D,"A",C:C,6)/COUNTIF(C:C,6) -> 0.076923077
A32: =ROW()-1 -> 31 | B32: Suis | C32: 3 | D32: C | E32: D | F32: B | G32: D | H32: D | I32: D | J32: D | K32: C | L32: C | M32: B | N32: A | O32: C | P32: D | Q32: B | R32: B | S32: D | T32: D | U32: D | V32: D | W32: A | X32: C | Y32: C | Z32: B | AA32: A | AB32: A | AC32: A | AD32: A | AE32: A | AF32: A | AG32: B | AH32: A | AI32: B | AJ32: A | AK32: A | AL32: A | AM32: B | AS32: P(IM 1 B | Kelas Kesejahteraan) | AT32: =COUNTIFS(D:D,"B",C:C,1)/COUNTIF(C:C,1) -> 0.38461538 | AU32: =COUNTIFS(D:D,"B",C:C,2)/COUNTIF(C:C,2) -> 0.15384615 | AV32: =COUNTIFS(D:D,"B",C:C,3)/COUNTIF(C:C,3) -> 0 | AW32: =COUNTIFS(D:D,"B",C:C,4)/COUNTIF(C:C,4) -> 0.23076923 | AX32: =COUNTIFS(D:D,"B",C:C,5)/COUNTIF(C:C,5) -> 0 | AY32: =COUNTIFS(D:D,"B",C:C,6)/COUNTIF(C:C,6) -> 0
A33: =ROW()-1 -> 32 | B33: Muhammad Harun | C33: 3 | D33: A | E33: D | F33: B | G33: D | H33: D | I33: D | J33: D | K33: C | L33: B | M33: C | N33: C | O33: D | P33: B | Q33: B | R33: C | S33: D | T33: C | U33: C | V33: D | W33: A | X33: B | Y33: C | Z33: B | AA33: A | AB33: A | AC33: A | AD33: A | AE33: A | AF33: A | AG33: B | AH33: A | AI33: B | AJ33: A | AK33: A | AL33: B | AM33: B | AS33: P(IM 1 C | Kelas Kesejahteraan) | AT33: =COUNTIFS(D:D,"C",C:C,1)/COUNTIF(C:C,1) -> 0.23076923 | AU33: =COUNTIFS(D:D,"C",C:C,2)/COUNTIF(C:C,2) -> 0.076923077 | AV33: =COUNTIFS(D:D,"C",C:C,3)/COUNTIF(C:C,3) -> 0.30769231 | AW33: =COUNTIFS(D:D,"C",C:C,4)/COUNTIF(C:C,4) -> 0.076923077 | AX33: =COUNTIFS(D:D,"C",C:C,5)/COUNTIF(C:C,5) -> 0.15384615 | AY33: =COUNTIFS(D:D,"C",C:C,6)/COUNTIF(C:C,6) -> 0
A34: =ROW()-1 -> 33 | B34: Nurul Wahyuni | C34: 3 | D34: C | E34: D | F34: B | G34: D | H34: D | I34: D | J34: D | K34: C | L34: C | M34: C | N34: B | O34: D | P34: D | Q34: B | R34: C | S34: C | T34: D | U34: D | V34: C | W34: A | X34: C | Y34: C | Z34: B | AA34: A | AB34: A | AC34: A | AD34: A | AE34: A | AF34: A | AG34: B | AH34: A | AI34: B | AJ34: A | AK34: A | AL34: A | AM34: B | AS34: P(IM 1 D | Kelas Kesejahteraan) | AT34: =COUNTIFS(D:D,"D",C:C,1)/COUNTIF(C:C,1) -> 0.30769231 | AU34: =COUNTIFS(D:D,"D",C:C,2)/COUNTIF(C:C,2) -> 0.53846154 | AV34: =COUNTIFS(D:D,"D",C:C,3)/COUNTIF(C:C,3) -> 0.61538462 | AW34: =COUNTIFS(D:D,"D",C:C,4)/COUNTIF(C:C,4) -> 0.69230769 | AX34: =COUNTIFS(D:D,"D",C:C,5)/COUNTIF(C:C,5) -> 0.76923077 | AY34: =COUNTIFS(D:D,"D",C:C,6)/COUNTIF(C:C,6) -> 0.92307692
A35: =ROW()-1 -> 34 | B35: Maulana Supri | C35: 3 | D35: D | E35: B | F35: B | G35: D | H35: D | I35: D | J35: D | K35: C | L35: C | M35: B | N35: B | O35: C | P35: D | Q35: B | R35: B | S35: C | T35: D | U35: D | V35: D | W35: A | X35: B | Y35: C | Z35: B | AA35: A | AB35: A | AC35: A | AD35: A | AE35: A | AF35: A | AG35: B | AH35: A | AI35: A | AJ35: A | AK35: A | AL35: B | AM35: B
A36: =ROW()-1 -> 35 | B36: Dadik Siji | C36: 3 | D36: D | E36: B | F36: B | G36: C | H36: D | I36: D | J36: D | K36: C | L36: B | M36: B | N36: B | O36: C | P36: D | Q36: B | R36: B | S36: D | T36: D | U36: D | V36: D | W36: A | X36: B | Y36: C | Z36: B | AA36: A | AB36: A | AC36: A | AD36: A | AE36: A | AF36: A | AG36: B | AH36: A | AI36: B | AJ36: A | AK36: A | AL36: B | AM36: B | AS36: P(IM 2 | Kelas Kesejahteraan) | AT36: 1 | AU36: 2 | AV36: 3 | AW36: 4 | AX36: 5 | AY36: 6
A37: =ROW()-1 -> 36 | B37: Ali Hari Wahyu | C37: 3 | D37: D | E37: B | F37: B | G37: D | H37: D | I37: D | J37: C | K37: C | L37: B | M37: A | N37: A | O37: D | P37: C | Q37: B | R37: C | S37: D | T37: D | U37: D | V37: D | W37: A | X37: B | Y37: B | Z37: B | AA37: A | AB37: A | AC37: A | AD37: A | AE37: A | AF37: A | AG37: B | AH37: A | AI37: A | AJ37: A | AK37: A | AL37: A | AM37: B | AS37: P(IM 2 A | Kelas Kesejahteraan) | AT37: =COUNTIFS(E:E,"A",C:C,1)/COUNTIF(C:C,1) -> 0 | AU37: =COUNTIFS(E:E,"A",C:C,2)/COUNTIF(C:C,2) -> 0 | AV37: =COUNTIFS(E:E,"A",C:C,3)/COUNTIF(C:C,3) -> 0.076923077 | AW37: =COUNTIFS(E:E,"A",C:C,4)/COUNTIF(C:C,4) -> 0 | AX37: =COUNTIFS(E:E,"A",C:C,5)/COUNTIF(C:C,5) -> 0 | AY37: =COUNTIFS(E:E,"A",C:C,6)/COUNTIF(C:C,6) -> 0
A38: =ROW()-1 -> 37 | B38: Abdul Salam | C38: 3 | D38: D | E38: D | F38: D | G38: D | H38: D | I38: D | J38: D | K38: C | L38: C | M38: C | N38: D | O38: C | P38: C | Q38: C | R38: C | S38: D | T38: D | U38: D | V38: D | W38: B | X38: A | Y38: A | Z38: B | AA38: A | AB38: B | AC38: A | AD38: A | AE38: A | AF38: A | AG38: A | AH38: A | AI38: B | AJ38: A | AK38: A | AL38: A | AM38: B | AS38: P(IM 2 B | Kelas Kesejahteraan) | AT38: =COUNTIFS(E:E,"B",C:C,1)/COUNTIF(C:C,1) -> 0.69230769 | AU38: =COUNTIFS(E:E,"B",C:C,2)/COUNTIF(C:C,2) -> 0.30769231 | AV38: =COUNTIFS(E:E,"B",C:C,3)/COUNTIF(C:C,3) -> 0.46153846 | AW38: =COUNTIFS(E:E,"B",C:C,4)/COUNTIF(C:C,4) -> 0.69230769 | AX38: =COUNTIFS(E:E,"B",C:C,5)/COUNTIF(C:C,5) -> 0.46153846 | AY38: =COUNTIFS(E:E,"B",C:C,6)/COUNTIF(C:C,6) -> 0.38461538
A39: =ROW()-1 -> 38 | B39: Lisruchisi | C39: 3 | D39: D | E39: B | F39: B | G39: D | H39: D | I39: D | J39: D | K39: C | L39: B | M39: B | N39: A | O39: D | P39: C | Q39: B | R39: D | S39: D | T39: D | U39: D | V39: A | W39: A | X39: A | Y39: C | Z39: B | AA39: A | AB39: A | AC39: A | AD39: A | AE39: A | AF39: A | AG39: B | AH39: A | AI39: B | AJ39: A | AK39: A | AL39: A | AM39: A | AS39: P(IM 2 C | Kelas Kesejahteraan) | AT39: =COUNTIFS(E:E,"C",C:C,1)/COUNTIF(C:C,1) -> 0.076923077 | AU39: =COUNTIFS(E:E,"C",C:C,2)/COUNTIF(C:C,2) -> 0 | AV39: =COUNTIFS(E:E,"C",C:C,3)/COUNTIF(C:C,3) -> 0 | AW39: =COUNTIFS(E:E,"C",C:C,4)/COUNTIF(C:C,4) -> 0 | AX39: =COUNTIFS(E:E,"C",C:C,5)/COUNTIF(C:C,5) -> 0 | AY39: =COUNTIFS(E:E,"C",C:C,6)/COUNTIF(C:C,6) -> 0
A40: =ROW()-1 -> 39 | B40: Titin | C40: 3 | D40: C | E40: D | F40: B | G40: C | H40: D | I40: D | J40: D | K40: C | L40: B | M40: A | N40: A | O40: D | P40: D | Q40: A | R40: D | S40: D | T40: D | U40: D | V40: D | W40: A | X40: A | Y40: A | Z40: A | AA40: A | AB40: A | AC40: A | AD40: A | AE40: A | AF40: A | AG40: A | AH40: A | AI40: B | AJ40: A | AK40: A | AL40: B | AM40: A | AS40: P(IM 2 D | Kelas Kesejahteraan) | AT40: =COUNTIFS(E:E,"D",C:C,1)/COUNTIF(C:C,1) -> 0.23076923 | AU40: =COUNTIFS(E:E,"D",C:C,2)/COUNTIF(C:C,2) -> 0.69230769 | AV40: =COUNTIFS(E:E,"D",C:C,3)/COUNTIF(C:C,3) -> 0.46153846 | AW40: =COUNTIFS(E:E,"D",C:C,4)/COUNTIF(C:C,4) -> 0.30769231 | AX40: =COUNTIFS(E:E,"D",C:C,5)/COUNTIF(C:C,5) -> 0.53846154 | AY40: =COUNTIFS(E:E,"D",C:C,6)/COUNTIF(C:C,6) -> 0.61538462
A41: =ROW()-1 -> 40 | B41: Moh Subchan | C41: 4 | D41: B | E41: B | F41: A | G41: C | H41: D | I41: D | J41: D | K41: C | L41: C | M41: C | N41: D | O41: C | P41: D | Q41: B | R41: B | S41: D | T41: D | U41: D | V41: D | W41: A | X41: A | Y41: C | Z41: B | AA41: A | AB41: A | AC41: A | AD41: A | AE41: A | AF41: A | AG41: B | AH41: A | AI41: B | AJ41: B | AK41: A | AL41: B | AM41: B
A42: =ROW()-1 -> 41 | B42: Indrati | C42: 4 | D42: D | E42: B | F42: B | G42: D | H42: D | I42: D | J42: D | K42: C | L42: C | M42: D | N42: B | O42: A | P42: D | Q42: B | R42: D | S42: D | T42: D | U42: D | V42: D | W42: A | X42: A | Y42: A | Z42: B | AA42: A | AB42: A | AC42: A | AD42: A | AE42: A | AF42: A | AG42: B | AH42: A | AI42: B | AJ42: A | AK42: A | AL42: A | AM42: B | AS42: P(IM 3 | Kelas Kesejahteraan) | AT42: 1 | AU42: 2 | AV42: 3 | AW42: 4 | AX42: 5 | AY42: 6
A43: =ROW()-1 -> 42 | B43: Dra. Zul Izatil Kasanah | C43: 4 | D43: D | E43: D | F43: D | G43: D | H43: D | I43: D | J43: D | K43: C | L43: D | M43: D | N43: B | O43: D | P43: D | Q43: C | R43: C | S43: D | T43: D | U43: D | V43: D | W43: A | X43: B | Y43: C | Z43: B | AA43: A | AB43: A | AC43: A | AD43: A | AE43: A | AF43: A | AG43: B | AH43: A | AI43: B | AJ43: A | AK43: A | AL43: B | AM43: B | AS43: P(IM 3 A | Kelas Kesejahteraan) | AT43: =COUNTIFS(F:F,"A",C:C,1)/COUNTIF(C:C,1) -> 0.38461538 | AU43: =COUNTIFS(F:F,"A",C:C,2)/COUNTIF(C:C,2) -> 0.15384615 | AV43: =COUNTIFS(F:F,"A",C:C,3)/COUNTIF(C:C,3) -> 0.15384615 | AW43: =COUNTIFS(F:F,"A",C:C,4)/COUNTIF(C:C,4) -> 0.30769231 | AX43: =COUNTIFS(F:F,"A",C:C,5)/COUNTIF(C:C,5) -> 0.076923077 | AY43: =COUNTIFS(F:F,"A",C:C,6)/COUNTIF(C:C,6) -> 0.15384615
A44: =ROW()-1 -> 43 | B44: Riyanto | C44: 4 | D44: B | E44: B | F44: B | G44: D | H44: D | I44: D | J44: D | K44: C | L44: C | M44: A | N44: A | O44: D | P44: D | Q44: B | R44: C | S44: D | T44: D | U44: D | V44: A | W44: A | X44: B | Y44: A | Z44: B | AA44: A | AB44: A | AC44: A | AD44: A | AE44: A | AF44: B | AG44: B | AH44: A | AI44: B | AJ44: A | AK44: A | AL44: A | AM44: B | AS44: P(IM 3 B | Kelas Kesejahteraan) | AT44: =COUNTIFS(F:F,"B",C:C,1)/COUNTIF(C:C,1) -> 0.23076923 | AU44: =COUNTIFS(F:F,"B",C:C,2)/COUNTIF(C:C,2) -> 0.46153846 | AV44: =COUNTIFS(F:F,"B",C:C,3)/COUNTIF(C:C,3) -> 0.76923077 | AW44: =COUNTIFS(F:F,"B",C:C,4)/COUNTIF(C:C,4) -> 0.30769231 | AX44: =COUNTIFS(F:F,"B",C:C,5)/COUNTIF(C:C,5) -> 0.30769231 | AY44: =COUNTIFS(F:F,"B",C:C,6)/COUNTIF(C:C,6) -> 0.38461538
A45: =ROW()-1 -> 44 | B45: Bambang Tri Haryanto | C45: 4 | D45: D | E45: B | F45: A | G45: B | H45: D | I45: D | J45: D | K45: C | L45: B | M45: B | N45: A | O45: D | P45: A | Q45: C | R45: D | S45: D | T45: D | U45: D | V45: A | W45: A | X45: A | Y45: C | Z45: B | AA45: A | AB45: A | AC45: A | AD45: A | AE45: A | AF45: A | AG45: A | AH45: A | AI45: B | AJ45: A | AK45: A | AL45: A | AM45: B | AS45: P(IM 3 C | Kelas Kesejahteraan) | AT45: =COUNTIFS(F:F,"C",C:C,1)/COUNTIF(C:C,1) -> 0.38461538 | AU45: =COUNTIFS(F:F,"C",C:C,2)/COUNTIF(C:C,2) -> 0.30769231 | AV45: =COUNTIFS(F:F,"C",C:C,3)/COUNTIF(C:C,3) -> 0 | AW45: =COUNTIFS(F:F,"C",C:C,4)/COUNTIF(C:C,4) -> 0.23076923 | AX45: =COUNTIFS(F:F,"C",C:C,5)/COUNTIF(C:C,5) -> 0.46153846 | AY45: =COUNTIFS(F:F,"C",C:C,6)/COUNTIF(C:C,6) -> 0.15384615
A46: =ROW()-1 -> 45 | B46: Imam Safii | C46: 4 | D46: D | E46: B | F46: C | G46: D | H46: D | I46: D | J46: C | K46: C | L46: B | M46: B | N46: B | O46: B | P46: C | Q46: C | R46: C | S46: D | T46: C | U46: C | V46: D | W46: B | X46: C | Y46: C | Z46: B | AA46: A | AB46: A | AC46: A | AD46: A | AE46: A | AF46: A | AG46: B | AH46: A | AI46: B | AJ46: A | AK46: A | AL46: A | AM46: B | AS46: P(IM 3 D | Kelas Kesejahteraan) | AT46: =COUNTIFS(F:F,"D",C:C,1)/COUNTIF(C:C,1) -> 0 | AU46: =COUNTIFS(F:F,"D",C:C,2)/COUNTIF(C:C,2) -> 0.076923077 | AV46: =COUNTIFS(F:F,"D",C:C,3)/COUNTIF(C:C,3) -> 0.076923077 | AW46: =COUNTIFS(F:F,"D",C:C,4)/COUNTIF(C:C,4) -> 0.15384615 | AX46: =COUNTIFS(F:F,"D",C:C,5)/COUNTIF(C:C,5) -> 0.15384615 | AY46: =COUNTIFS(F:F,"D",C:C,6)/COUNTIF(C:C,6) -> 0.30769231
A47: =ROW()-1 -> 46 | B47: Sofyan Hardi | C47: 4 | D47: D | E47: B | F47: B | G47: C | H47: D | I47: D | J47: D | K47: C | L47: C | M47: C | N47: B | O47: D | P47: D | Q47: C | R47: C | S47: D | T47: D | U47: D | V47: D | W47: B | X47: B | Y47: C | Z47: B | AA47: A | AB47: A | AC47: A | AD47: A | AE47: A | AF47: B | AG47: B | AH47: A | AI47: B | AJ47: A | AK47: A | AL47: B | AM47: B
A48: =ROW()-1 -> 47 | B48: Slamet Sasmito | C48: 4 | D48: C | E48: B | F48: B | G48: D | H48: D | I48: D | J48: D | K48: C | L48: C | M48: A | N48: A | O48: A | P48: D | Q48: B | R48: A | S48: D | T48: D | U48: D | V48: A | W48: A | X48: B | Y48: C | Z48: B | AA48: A | AB48: A | AC48: A | AD48: B | AE48: A | AF48: A | AG48: B | AH48: A | AI48: B | AJ48: B | AK48: A | AL48: A | AM48: B | AS48: P(IM 4 | Kelas Kesejahteraan) | AT48: 1 | AU48: 2 | AV48: 3 | AW48: 4 | AX48: 5 | AY48: 6
A49: =ROW()-1 -> 48 | B49: Rudi Bambang | C49: 4 | D49: B | E49: B | F49: A | G49: C | H49: D | I49: D | J49: D | K49: C | L49: C | M49: C | N49: D | O49: C | P49: D | Q49: B | R49: B | S49: D | T49: D | U49: D | V49: D | W49: A | X49: A | Y49: C | Z49: B | AA49: A | AB49: A | AC49: A | AD49: B | AE49: A | AF49: A | AG49: B | AH49: A | AI49: B | AJ49: B | AK49: A | AL49: B | AM49: B | AS49: P(IM 4 A | Kelas Kesejahteraan) | AT49: =COUNTIFS(G:G,"A",C:C,1)/COUNTIF(C:C,1) -> 0 | AU49: =COUNTIFS(G:G,"A",C:C,2)/COUNTIF(C:C,2) -> 0 | AV49: =COUNTIFS(G:G,"A",C:C,3)/COUNTIF(C:C,3) -> 0 | AW49: =COUNTIFS(G:G,"A",C:C,4)/COUNTIF(C:C,4) -> 0 | AX49: =COUNTIFS(G:G,"A",C:C,5)/COUNTIF(C:C,5) -> 0 | AY49: =COUNTIFS(G:G,"A",C:C,6)/COUNTIF(C:C,6) -> 0
A50: =ROW()-1 -> 49 | B50: Pratama Rino | C50: 4 | D50: D | E50: B | F50: C | G50: D | H50: D | I50: D | J50: D | K50: C | L50: C | M50: C | N50: B | O50: D | P50: D | Q50: C | R50: C | S50: D | T50: D | U50: D | V50: D | W50: B | X50: B | Y50: C | Z50: B | AA50: A | AB50: A | AC50: A | AD50: A | AE50: A | AF50: B | AG50: B | AH50: A | AI50: B | AJ50: B | AK50: A | AL50: B | AM50: B | AS50: P(IM 4 B | Kelas Kesejahteraan) | AT50: =COUNTIFS(G:G,"B",C:C,1)/COUNTIF(C:C,1) -> 0.38461538 | AU50: =COUNTIFS(G:G,"B",C:C,2)/COUNTIF(C:C,2) -> 0.15384615 | AV50: =COUNTIFS(G:G,"B",C:C,3)/COUNTIF(C:C,3) -> 0.076923077 | AW50: =COUNTIFS(G:G,"B",C:C,4)/COUNTIF(C:C,4) -> 0.15384615 | AX50: =COUNTIFS(G:G,"B",C:C,5)/COUNTIF(C:C,5) -> 0 | AY50: =COUNTIFS(G:G,"B",C:C,6)/COUNTIF(C:C,6) -> 0
A51: =ROW()-1 -> 50 | B51: Supriyadi | C51: 4 | D51: D | E51: D | F51: C | G51: B | H51: D | I51: D | J51: D | K51: C | L51: B | M51: B | N51: D | O51: C | P51: D | Q51: B | R51: C | S51: D | T51: D | U51: D | V51: D | W51: B | X51: A | Y51: A | Z51: B | AA51: A | AB51: A | AC51: A | AD51: A | AE51: A | AF51: A | AG51: B | AH51: A | AI51: B | AJ51: A | AK51: A | AL51: B | AM51: B | AS51: P(IM 4 C | Kelas Kesejahteraan) | AT51: =COUNTIFS(G:G,"C",C:C,1)/COUNTIF(C:C,1) -> 0.076923077 | AU51: =COUNTIFS(G:G,"C",C:C,2)/COUNTIF(C:C,2) -> 0.30769231 | AV51: =COUNTIFS(G:G,"C",C:C,3)/COUNTIF(C:C,3) -> 0.23076923 | AW51: =COUNTIFS(G:G,"C",C:C,4)/COUNTIF(C:C,4) -> 0.23076923 | AX51: =COUNTIFS(G:G,"C",C:C,5)/COUNTIF(C:C,5) -> 0 | AY51: =COUNTIFS(G:G,"C",C:C,6)/COUNTIF(C:C,6) -> 0.076923077
A52: =ROW()-1 -> 51 | B52: Arif Suhartono | C52: 4 | D52: D | E52: D | F52: D | G52: D | H52: D | I52: D | J52: D | K52: C | L52: C | M52: C | N52: B | O52: B | P52: D | Q52: B | R52: B | S52: D | T52: D | U52: D | V52: D | W52: A | X52: A | Y52: C | Z52: B | AA52: B | AB52: B | AC52: A | AD52: A | AE52: A | AF52: A | AG52: B | AH52: A | AI52: B | AJ52: B | AK52: A | AL52: A | AM52: B | AS52: P(IM 4 D | Kelas Kesejahteraan) | AT52: =COUNTIFS(G:G,"D",C:C,1)/COUNTIF(C:C,1) -> 0.53846154 | AU52: =COUNTIFS(G:G,"D",C:C,2)/COUNTIF(C:C,2) -> 0.53846154 | AV52: =COUNTIFS(G:G,"D",C:C,3)/COUNTIF(C:C,3) -> 0.69230769 | AW52: =COUNTIFS(G:G,"D",C:C,4)/COUNTIF(C:C,4) -> 0.61538462 | AX52: =COUNTIFS(G:G,"D",C:C,5)/COUNTIF(C:C,5) -> 1 | AY52: =COUNTIFS(G:G,"D",C:C,6)/COUNTIF(C:C,6) -> 0.92307692
A53: =ROW()-1 -> 52 | B53: Asmawati | C53: 4 | D53: D | E53: D | F53: A | G53: D | H53: D | I53: D | J53: D | K53: C | L53: C | M53: A | N53: A | O53: A | P53: D | Q53: A | R53: D | S53: D | T53: B | U53: D | V53: B | W53: A | X53: A | Y53: C | Z53: B | AA53: A | AB53: A | AC53: A | AD53: A | AE53: A | AF53: B | AG53: B | AH53: A | AI53: B | AJ53: A | AK53: A | AL53: A | AM53: B
A54: =ROW()-1 -> 53 | B54: Khamim Tohari | C54: 5 | D54: D | E54: B | F54: D | G54: D | H54: D | I54: D | J54: D | K54: C | L54: C | M54: A | N54: A | O54: B | P54: D | Q54: C | R54: D | S54: C | T54: C | U54: D | V54: A | W54: B | X54: B | Y54: A | Z54: B | AA54: A | AB54: A | AC54: A | AD54: A | AE54: A | AF54: A | AG54: B | AH54: A | AI54: B | AJ54: A | AK54: A | AL54: A | AM54: B | AS54: P(IM 5 | Kelas Kesejahteraan) | AT54: 1 | AU54: 2 | AV54: 3 | AW54: 4 | AX54: 5 | AY54: 6
A55: =ROW()-1 -> 54 | B55: Mulyono | C55: 5 | D55: C | E55: D | F55: B | G55: D | H55: D | I55: B | J55: D | K55: C | L55: C | M55: D | N55: C | O55: C | P55: A | Q55: B | R55: C | S55: D | T55: D | U55: D | V55: B | W55: B | X55: B | Y55: A | Z55: B | AA55: A | AB55: A | AC55: A | AD55: A | AE55: A | AF55: B | AG55: A | AH55: A | AI55: B | AJ55: A | AK55: A | AL55: A | AM55: B | AS55: P(IM 5 A | Kelas Kesejahteraan) | AT55: =COUNTIFS(H:H,"A",C:C,1)/COUNTIF(C:C,1) -> 0 | AU55: =COUNTIFS(H:H,"A",C:C,2)/COUNTIF(C:C,2) -> 0 | AV55: =COUNTIFS(H:H,"A",C:C,3)/COUNTIF(C:C,3) -> 0 | AW55: =COUNTIFS(H:H,"A",C:C,4)/COUNTIF(C:C,4) -> 0 | AX55: =COUNTIFS(H:H,"A",C:C,5)/COUNTIF(C:C,5) -> 0 | AY55: =COUNTIFS(H:H,"A",C:C,6)/COUNTIF(C:C,6) -> 0
A56: =ROW()-1 -> 55 | B56: Cicik Puspitasari Santoso | C56: 5 | D56: A | E56: D | F56: C | G56: D | H56: D | I56: D | J56: C | K56: C | L56: C | M56: A | N56: A | O56: A | P56: D | Q56: A | R56: D | S56: D | T56: D | U56: D | V56: D | W56: A | X56: B | Y56: B | Z56: B | AA56: A | AB56: A | AC56: A | AD56: A | AE56: A | AF56: A | AG56: B | AH56: A | AI56: B | AJ56: A | AK56: A | AL56: A | AM56: B | AS56: P(IM 5 B | Kelas Kesejahteraan) | AT56: =COUNTIFS(H:H,"B",C:C,1)/COUNTIF(C:C,1) -> 0 | AU56: =COUNTIFS(H:H,"B",C:C,2)/COUNTIF(C:C,2) -> 0 | AV56: =COUNTIFS(H:H,"B",C:C,3)/COUNTIF(C:C,3) -> 0 | AW56: =COUNTIFS(H:H,"B",C:C,4)/COUNTIF(C:C,4) -> 0 | AX56: =COUNTIFS(H:H,"B",C:C,5)/COUNTIF(C:C,5) -> 0 | AY56: =COUNTIFS(H:H,"B",C:C,6)/COUNTIF(C:C,6) -> 0
A57: =ROW()-1 -> 56 | B57: Asmaiyah | C57: 5 | D57: D | E57: B | F57: B | G57: D | H57: D | I57: D | J57: D | K57: C | L57: A | M57: A | N57: A | O57: D | P57: C | Q57: A | R57: D | S57: D | T57: B | U57: B | V57: B | W57: A | X57: B | Y57: C | Z57: B | AA57: A | AB57: A | AC57: A | AD57: A | AE57: A | AF57: A | AG57: B | AH57: A | AI57: B | AJ57: A | AK57: A | AL57: A | AM57: B | AS57: P(IM 5 C | Kelas Kesejahteraan) | AT57: =COUNTIFS(H:H,"C",C:C,1)/COUNTIF(C:C,1) -> 0 | AU57: =COUNTIFS(H:H,"C",C:C,2)/COUNTIF(C:C,2) -> 0 | AV57: =COUNTIFS(H:H,"C",C:C,3)/COUNTIF(C:C,3) -> 0 | AW57: =COUNTIFS(H:H,"C",C:C,4)/COUNTIF(C:C,4) -> 0 | AX57: =COUNTIFS(H:H,"C",C:C,5)/COUNTIF(C:C,5) -> 0 | AY57: =COUNTIFS(H:H,"C",C:C,6)/COUNTIF(C:C,6) -> 0
A58: =ROW()-1 -> 57 | B58: Imam Wahyudi | C58: 5 | D58: D | E58: B | F58: A | G58: D | H58: D | I58: B | J58: D | K58: C | L58: B | M58: C | N58: C | O58: D | P58: D | Q58: C | R58: D | S58: D | T58: B | U58: D | V58: C | W58: A | X58: A | Y58: C | Z58: B | AA58: A | AB58: A | AC58: A | AD58: A | AE58: A | AF58: A | AG58: B | AH58: A | AI58: B | AJ58: A | AK58: A | AL58: B | AM58: B | AS58: P(IM 5 D | Kelas Kesejahteraan) | AT58: =COUNTIFS(H:H,"D",C:C,1)/COUNTIF(C:C,1) -> 1 | AU58: =COUNTIFS(H:H,"D",C:C,2)/COUNTIF(C:C,2) -> 1 | AV58: =COUNTIFS(H:H,"D",C:C,3)/COUNTIF(C:C,3) -> 1 | AW58: =COUNTIFS(H:H,"D",C:C,4)/COUNTIF(C:C,4) -> 1 | AX58: =COUNTIFS(H:H,"D",C:C,5)/COUNTIF(C:C,5) -> 1 | AY58: =COUNTIFS(H:H,"D",C:C,6)/COUNTIF(C:C,6) -> 1
A59: =ROW()-1 -> 58 | B59: Khusnul Khotimah | C59: 5 | D59: D | E59: D | F59: B | G59: D | H59: D | I59: B | J59: D | K59: C | L59: A | M59: A | N59: A | O59: D | P59: C | Q59: A | R59: D | S59: D | T59: C | U59: D | V59: D | W59: B | X59: B | Y59: A | Z59: B | AA59: A | AB59: A | AC59: A | AD59: A | AE59: A | AF59: A | AG59: A | AH59: A | AI59: B | AJ59: A | AK59: A | AL59: B | AM59: B
A60: =ROW()-1 -> 59 | B60: Chusnul Qotimah | C60: 5 | D60: D | E60: B | F60: C | G60: D | H60: D | I60: D | J60: D | K60: C | L60: C | M60: C | N60: B | O60: C | P60: D | Q60: C | R60: C | S60: D | T60: D | U60: D | V60: D | W60: B | X60: B | Y60: C | Z60: B | AA60: A | AB60: A | AC60: A | AD60: A | AE60: A | AF60: B | AG60: B | AH60: A | AI60: B | AJ60: A | AK60: A | AL60: B | AM60: B | AS60: P(IM 6 | Kelas Kesejahteraan) | AT60: 1 | AU60: 2 | AV60: 3 | AW60: 4 | AX60: 5 | AY60: 6
A61: =ROW()-1 -> 60 | B61: Isnain Putri | C61: 5 | D61: D | E61: D | F61: C | G61: D | H61: D | I61: B | J61: D | K61: C | L61: C | M61: C | N61: C | O61: C | P61: C | Q61: B | R61: B | S61: D | T61: D | U61: D | V61: D | W61: B | X61: B | Y61: C | Z61: B | AA61: A | AB61: A | AC61: A | AD61: A | AE61: A | AF61: B | AG61: B | AH61: A | AI61: B | AJ61: B | AK61: A | AL61: B | AM61: B | AS61: P(IM 6 A | Kelas Kesejahteraan) | AT61: =COUNTIFS(I:I,"A",C:C,1)/COUNTIF(C:C,1) -> 0 | AU61: =COUNTIFS(I:I,"A",C:C,2)/COUNTIF(C:C,2) -> 0 | AV61: =COUNTIFS(I:I,"A",C:C,3)/COUNTIF(C:C,3) -> 0 | AW61: =COUNTIFS(I:I,"A",C:C,4)/COUNTIF(C:C,4) -> 0 | AX61: =COUNTIFS(I:I,"A",C:C,5)/COUNTIF(C:C,5) -> 0 | AY61: =COUNTIFS(I:I,"A",C:C,6)/COUNTIF(C:C,6) -> 0
A62: =ROW()-1 -> 61 | B62: Arman Dwi Jaya | C62: 5 | D62: D | E62: D | F62: C | G62: D | H62: D | I62: B | J62: D | K62: C | L62: B | M62: D | N62: C | O62: D | P62: D | Q62: C | R62: C | S62: D | T62: D | U62: D | V62: D | W62: B | X62: B | Y62: C | Z62: B | AA62: A | AB62: A | AC62: A | AD62: A | AE62: A | AF62: A | AG62: B | AH62: A | AI62: B | AJ62: B | AK62: A | AL62: A | AM62: B | AS62: P(IM 6 B | Kelas Kesejahteraan) | AT62: =COUNTIFS(I:I,"B",C:C,1)/COUNTIF(C:C,1) -> 0.23076923 | AU62: =COUNTIFS(I:I,"B",C:C,2)/COUNTIF(C:C,2) -> 0.076923077 | AV62: =COUNTIFS(I:I,"B",C:C,3)/COUNTIF(C:C,3) -> 0 | AW62: =COUNTIFS(I:I,"B",C:C,4)/COUNTIF(C:C,4) -> 0 | AX62: =COUNTIFS(I:I,"B",C:C,5)/COUNTIF(C:C,5) -> 0.46153846 | AY62: =COUNTIFS(I:I,"B",C:C,6)/COUNTIF(C:C,6) -> 0.15384615
A63: =ROW()-1 -> 62 | B63: Jaya Agustian | C63: 5 | D63: D | E63: B | F63: B | G63: D | H63: D | I63: D | J63: D | K63: C | L63: C | M63: D | N63: B | O63: C | P63: D | Q63: C | R63: B | S63: D | T63: D | U63: D | V63: D | W63: B | X63: B | Y63: C | Z63: B | AA63: A | AB63: A | AC63: A | AD63: A | AE63: A | AF63: A | AG63: B | AH63: A | AI63: B | AJ63: A | AK63: A | AL63: A | AM63: B | AS63: P(IM 6 C | Kelas Kesejahteraan) | AT63: =COUNTIFS(I:I,"C",C:C,1)/COUNTIF(C:C,1) -> 0 | AU63: =COUNTIFS(I:I,"C",C:C,2)/COUNTIF(C:C,2) -> 0 | AV63: =COUNTIFS(I:I,"C",C:C,3)/COUNTIF(C:C,3) -> 0.15384615 | AW63: =COUNTIFS(I:I,"C",C:C,4)/COUNTIF(C:C,4) -> 0 | AX63: =COUNTIFS(I:I,"C",C:C,5)/COUNTIF(C:C,5) -> 0 | AY63: =COUNTIFS(I:I,"C",C:C,6)/COUNTIF(C:C,6) -> 0
A64: =ROW()-1 -> 63 | B64: Agus Mulyani | C64: 5 | D64: D | E64: B | F64: D | G64: D | H64: D | I64: D | J64: D | K64: C | L64: B | M64: B | N64: D | O64: C | P64: D | Q64: C | R64: C | S64: D | T64: D | U64: D | V64: B | W64: B | X64: A | Y64: A | Z64: B | AA64: A | AB64: A | AC64: A | AD64: A | AE64: A | AF64: B | AG64: B | AH64: A | AI64: B | AJ64: A | AK64: A | AL64: B | AM64: B | AS64: P(IM 6 D | Kelas Kesejahteraan) | AT64: =COUNTIFS(I:I,"D",C:C,1)/COUNTIF(C:C,1) -> 0.76923077 | AU64: =COUNTIFS(I:I,"D",C:C,2)/COUNTIF(C:C,2) -> 0.92307692 | AV64: =COUNTIFS(I:I,"D",C:C,3)/COUNTIF(C:C,3) -> 0.84615385 | AW64: =COUNTIFS(I:I,"D",C:C,4)/COUNTIF(C:C,4) -> 1 | AX64: =COUNTIFS(I:I,"D",C:C,5)/COUNTIF(C:C,5) -> 0.53846154 | AY64: =COUNTIFS(I:I,"D",C:C,6)/COUNTIF(C:C,6) -> 0.84615385
A65: =ROW()-1 -> 64 | B65: Susi Pratama | C65: 5 | D65: D | E65: D | F65: C | G65: D | H65: D | I65: B | J65: D | K65: C | L65: B | M65: D | N65: C | O65: D | P65: D | Q65: C | R65: C | S65: D | T65: D | U65: D | V65: D | W65: B | X65: B | Y65: C | Z65: B | AA65: A | AB65: A | AC65: A | AD65: A | AE65: A | AF65: A | AG65: B | AH65: A | AI65: B | AJ65: A | AK65: A | AL65: B | AM65: B
A66: =ROW()-1 -> 65 | B66: Jaya | C66: 5 | D66: C | E66: D | F66: C | G66: D | H66: D | I66: D | J66: C | K66: C | L66: C | M66: A | N66: A | O66: A | P66: D | Q66: A | R66: D | S66: D | T66: D | U66: D | V66: D | W66: A | X66: B | Y66: B | Z66: B | AA66: A | AB66: A | AC66: A | AD66: A | AE66: B | AF66: B | AG66: B | AH66: A | AI66: B | AJ66: A | AK66: A | AL66: A | AM66: B | AS66: P(IM 7 | Kelas Kesejahteraan) | AT66: 1 | AU66: 2 | AV66: 3 | AW66: 4 | AX66: 5 | AY66: 6
A67: =ROW()-1 -> 66 | B67: Hj. Sukarti | C67: 6 | D67: D | E67: B | F67: B | G67: D | H67: D | I67: D | J67: D | K67: D | L67: C | M67: B | N67: C | O67: B | P67: C | Q67: C | R67: B | S67: D | T67: C | U67: D | V67: B | W67: B | X67: B | Y67: C | Z67: B | AA67: A | AB67: A | AC67: B | AD67: A | AE67: A | AF67: B | AG67: B | AH67: A | AI67: B | AJ67: A | AK67: A | AL67: B | AM67: B | AS67: P(IM 7 A | Kelas Kesejahteraan) | AT67: =COUNTIFS(J:J,"A",C:C,1)/COUNTIF(C:C,1) -> 0 | AU67: =COUNTIFS(J:J,"A",C:C,2)/COUNTIF(C:C,2) -> 0 | AV67: =COUNTIFS(J:J,"A",C:C,3)/COUNTIF(C:C,3) -> 0 | AW67: =COUNTIFS(J:J,"A",C:C,4)/COUNTIF(C:C,4) -> 0 | AX67: =COUNTIFS(J:J,"A",C:C,5)/COUNTIF(C:C,5) -> 0 | AY67: =COUNTIFS(J:J,"A",C:C,6)/COUNTIF(C:C,6) -> 0
A68: =ROW()-1 -> 67 | B68: Slamet Hariono | C68: 6 | D68: D | E68: D | F68: D | G68: D | H68: D | I68: D | J68: D | K68: C | L68: A | M68: A | N68: A | O68: D | P68: D | Q68: B | R68: D | S68: D | T68: C | U68: D | V68: B | W68: B | X68: B | Y68: C | Z68: B | AA68: A | AB68: A | AC68: A | AD68: A | AE68: B | AF68: B | AG68: B | AH68: A | AI68: B | AJ68: B | AK68: B | AL68: B | AM68: B | AS68: P(IM 7 B | Kelas Kesejahteraan) | AT68: =COUNTIFS(J:J,"B",C:C,1)/COUNTIF(C:C,1) -> 0 | AU68: =COUNTIFS(J:J,"B",C:C,2)/COUNTIF(C:C,2) -> 0.076923077 | AV68: =COUNTIFS(J:J,"B",C:C,3)/COUNTIF(C:C,3) -> 0 | AW68: =COUNTIFS(J:J,"B",C:C,4)/COUNTIF(C:C,4) -> 0 | AX68: =COUNTIFS(J:J,"B",C:C,5)/COUNTIF(C:C,5) -> 0 | AY68: =COUNTIFS(J:J,"B",C:C,6)/COUNTIF(C:C,6) -> 0
A69: =ROW()-1 -> 68 | B69: Pujiati | C69: 6 | D69: D | E69: B | F69: C | G69: D | H69: D | I69: D | J69: D | K69: C | L69: C | M69: A | N69: A | O69: D | P69: D | Q69: A | R69: D | S69: D | T69: C | U69: D | V69: D | W69: A | X69: B | Y69: C | Z69: B | AA69: B | AB69: A | AC69: A | AD69: A | AE69: A | AF69: A | AG69: B | AH69: A | AI69: B | AJ69: A | AK69: A | AL69: A | AM69: B | AS69: P(IM 7 C | Kelas Kesejahteraan) | AT69: =COUNTIFS(J:J,"C",C:C,1)/COUNTIF(C:C,1) -> 0.23076923 | AU69: =COUNTIFS(J:J,"C",C:C,2)/COUNTIF(C:C,2) -> 0.46153846 | AV69: =COUNTIFS(J:J,"C",C:C,3)/COUNTIF(C:C,3) -> 0.15384615 | AW69: =COUNTIFS(J:J,"C",C:C,4)/COUNTIF(C:C,4) -> 0.076923077 | AX69: =COUNTIFS(J:J,"C",C:C,5)/COUNTIF(C:C,5) -> 0.15384615 | AY69: =COUNTIFS(J:J,"C",C:C,6)/COUNTIF(C:C,6) -> 0.23076923
A70: =ROW()-1 -> 69 | B70: Soejatmi | C70: 6 | D70: D | E70: B | F70: D | G70: D | H70: D | I70: D | J70: D | K70: C | L70: C | M70: A | N70: B | O70: D | P70: C | Q70: B | R70: C | S70: D | T70: D | U70: D | V70: D | W70: C | X70: C | Y70: C | Z70: B | AA70: A | AB70: A | AC70: A | AD70: A | AE70: A | AF70: B | AG70: A | AH70: A | AI70: A | AJ70: A | AK70: A | AL70: A | AM70: B | AS70: P(IM 7 D | Kelas Kesejahteraan) | AT70: =COUNTIFS(J:J,"D",C:C,1)/COUNTIF(C:C,1) -> 0.76923077 | AU70: =COUNTIFS(J:J,"D",C:C,2)/COUNTIF(C:C,2) -> 0.46153846 | AV70: =COUNTIFS(J:J,"D",C:C,3)/COUNTIF(C:C,3) -> 0.84615385 | AW70: =COUNTIFS(J:J,"D",C:C,4)/COUNTIF(C:C,4) -> 0.92307692 | AX70: =COUNTIFS(J:J,"D",C:C,5)/COUNTIF(C:C,5) -> 0.84615385 | AY70: =COUNTIFS(J:J,"D",C:C,6)/COUNTIF(C:C,6) -> 0.76923077
A71: =ROW()-1 -> 70 | B71: Soedarmijati | C71: 6 | D71: A | E71: D | F71: C | G71: D | H71: D | I71: D | J71: C | K71: C | L71: C | M71: A | N71: B | O71: D | P71: D | Q71: A | R71: D | S71: D | T71: D | U71: D | V71: D | W71: A | X71: B | Y71: C | Z71: B | AA71: A | AB71: A | AC71: A | AD71: B | AE71: A | AF71: B | AG71: B | AH71: B | AI71: B | AJ71: B | AK71: B | AL71: B | AM71: B
A72: =ROW()-1 -> 71 | B72: Amin Mashuri | C72: 6 | D72: D | E72: D | F72: B | G72: C | H72: D | I72: D | J72: D | K72: D | L72: C | M72: A | N72: A | O72: C | P72: D | Q72: C | R72: C | S72: D | T72: B | U72: D | V72: B | W72: C | X72: C | Y72: D | Z72: B | AA72: A | AB72: A | AC72: A | AD72: B | AE72: A | AF72: B | AG72: B | AH72: B | AI72: B | AJ72: B | AK72: B | AL72: A | AM72: B | AS72: P(IM 8 | Kelas Kesejahteraan) | AT72: 1 | AU72: 2 | AV72: 3 | AW72: 4 | AX72: 5 | AY72: 6
A73: =ROW()-1 -> 72 | B73: Wilis Setiyani | C73: 6 | D73: D | E73: B | F73: B | G73: D | H73: D | I73: D | J73: D | K73: C | L73: C | M73: D | N73: B | O73: D | P73: D | Q73: B | R73: C | S73: D | T73: D | U73: D | V73: D | W73: A | X73: A | Y73: A | Z73: B | AA73: A | AB73: A | AC73: A | AD73: A | AE73: A | AF73: A | AG73: B | AH73: A | AI73: B | AJ73: B | AK73: B | AL73: A | AM73: B | AS73: P(IM 8 A | Kelas Kesejahteraan) | AT73: =COUNTIFS(K:K,"A",C:C,1)/COUNTIF(C:C,1) -> 0 | AU73: =COUNTIFS(K:K,"A",C:C,2)/COUNTIF(C:C,2) -> 0.076923077 | AV73: =COUNTIFS(K:K,"A",C:C,3)/COUNTIF(C:C,3) -> 0 | AW73: =COUNTIFS(K:K,"A",C:C,4)/COUNTIF(C:C,4) -> 0 | AX73: =COUNTIFS(K:K,"A",C:C,5)/COUNTIF(C:C,5) -> 0 | AY73: =COUNTIFS(K:K,"A",C:C,6)/COUNTIF(C:C,6) -> 0
A74: =ROW()-1 -> 73 | B74: Asria | C74: 6 | D74: D | E74: D | F74: D | G74: D | H74: D | I74: D | J74: D | K74: C | L74: B | M74: D | N74: A | O74: D | P74: C | Q74: C | R74: C | S74: D | T74: B | U74: D | V74: D | W74: B | X74: C | Y74: C | Z74: B | AA74: A | AB74: A | AC74: A | AD74: A | AE74: A | AF74: A | AG74: A | AH74: A | AI74: B | AJ74: B | AK74: A | AL74: A | AM74: B | AS74: P(IM 8 B | Kelas Kesejahteraan) | AT74: =COUNTIFS(K:K,"B",C:C,1)/COUNTIF(C:C,1) -> 0 | AU74: =COUNTIFS(K:K,"B",C:C,2)/COUNTIF(C:C,2) -> 0 | AV74: =COUNTIFS(K:K,"B",C:C,3)/COUNTIF(C:C,3) -> 0 | AW74: =COUNTIFS(K:K,"B",C:C,4)/COUNTIF(C:C,4) -> 0 | AX74: =COUNTIFS(K:K,"B",C:C,5)/COUNTIF(C:C,5) -> 0 | AY74: =COUNTIFS(K:K,"B",C:C,6)/COUNTIF(C:C,6) -> 0
A75: =ROW()-1 -> 74 | B75: Trimunah | C75: 6 | D75: D | E75: B | F75: A | G75: D | H75: D | I75: B | J75: C | K75: C | L75: B | M75: B | N75: A | O75: D | P75: D | Q75: B | R75: D | S75: D | T75: D | U75: D | V75: A | W75: A | X75: B | Y75: A | Z75: B | AA75: B | AB75: B | AC75: A | AD75: A | AE75: A | AF75: A | AG75: A | AH75: A | AI75: A | AJ75: A | AK75: A | AL75: A | AM75: A | AS75: P(IM 8 C | Kelas Kesejahteraan) | AT75: =COUNTIFS(K:K,"C",C:C,1)/COUNTIF(C:C,1) -> 1 | AU75: =COUNTIFS(K:K,"C",C:C,2)/COUNTIF(C:C,2) -> 0.92307692 | AV75: =COUNTIFS(K:K,"C",C:C,3)/COUNTIF(C:C,3) -> 1 | AW75: =COUNTIFS(K:K,"C",C:C,4)/COUNTIF(C:C,4) -> 1 | AX75: =COUNTIFS(K:K,"C",C:C,5)/COUNTIF(C:C,5) -> 1 | AY75: =COUNTIFS(K:K,"C",C:C,6)/COUNTIF(C:C,6) -> 0.84615385
A76: =ROW()-1 -> 75 | B76: Sunaryo | C76: 6 | D76: D | E76: D | F76: B | G76: D | H76: D | I76: D | J76: D | K76: C | L76: C | M76: A | N76: A | O76: A | P76: D | Q76: A | R76: D | S76: D | T76: D | U76: D | V76: B | W76: D | X76: C | Y76: A | Z76: B | AA76: A | AB76: A | AC76: A | AD76: A | AE76: A | AF76: A | AG76: B | AH76: A | AI76: B | AJ76: B | AK76: A | AL76: A | AM76: B | AS76: P(IM 8 D | Kelas Kesejahteraan) | AT76: =COUNTIFS(K:K,"D",C:C,1)/COUNTIF(C:C,1) -> 0 | AU76: =COUNTIFS(K:K,"D",C:C,2)/COUNTIF(C:C,2) -> 0 | AV76: =COUNTIFS(K:K,"D",C:C,3)/COUNTIF(C:C,3) -> 0 | AW76: =COUNTIFS(K:K,"D",C:C,4)/COUNTIF(C:C,4) -> 0 | AX76: =COUNTIFS(K:K,"D",C:C,5)/COUNTIF(C:C,5) -> 0 | AY76: =COUNTIFS(K:K,"D",C:C,6)/COUNTIF(C:C,6) -> 0.15384615
A77: =ROW()-1 -> 76 | B77: Krista Windarti | C77: 6 | D77: D | E77: D | F77: B | G77: D | H77: D | I77: D | J77: C | K77: C | L77: C | M77: C | N77: A | O77: D | P77: C | Q77: B | R77: B | S77: D | T77: B | U77: C | V77: B | W77: A | X77: A | Y77: A | Z77: B | AA77: A | AB77: A | AC77: A | AD77: A | AE77: A | AF77: A | AG77: B | AH77: A | AI77: B | AJ77: A | AK77: B | AL77: B | AM77: B
A78: =ROW()-1 -> 77 | B78: Kasiyatun | C78: 6 | D78: D | E78: D | F78: D | G78: D | H78: D | I78: D | J78: D | K78: C | L78: B | M78: B | N78: A | O78: B | P78: D | Q78: B | R78: B | S78: D | T78: B | U78: D | V78: A | W78: C | X78: D | Y78: A | Z78: B | AA78: A | AB78: A | AC78: A | AD78: A | AE78: B | AF78: A | AG78: B | AH78: A | AI78: B | AJ78: A | AK78: B | AL78: B | AM78: B | AS78: P(IM 9 | Kelas Kesejahteraan) | AT78: 1 | AU78: 2 | AV78: 3 | AW78: 4 | AX78: 5 | AY78: 6
A79: =ROW()-1 -> 78 | B79: Sariningsih | C79: 6 | D79: D | E79: D | F79: A | G79: D | H79: D | I79: B | J79: D | K79: C | L79: C | M79: A | N79: B | O79: D | P79: D | Q79: A | R79: D | S79: D | T79: D | U79: D | V79: C | W79: A | X79: D | Y79: C | Z79: B | AA79: A | AB79: A | AC79: A | AD79: A | AE79: A | AF79: A | AG79: B | AH79: A | AI79: A | AJ79: A | AK79: B | AL79: A | AM79: B | AS79: P(IM 9 A | Kelas Kesejahteraan) | AT79: =COUNTIFS(L:L,"A",C:C,1)/COUNTIF(C:C,1) -> 0 | AU79: =COUNTIFS(L:L,"A",C:C,2)/COUNTIF(C:C,2) -> 0 | AV79: =COUNTIFS(L:L,"A",C:C,3)/COUNTIF(C:C,3) -> 0 | AW79: =COUNTIFS(L:L,"A",C:C,4)/COUNTIF(C:C,4) -> 0 | AX79: =COUNTIFS(L:L,"A",C:C,5)/COUNTIF(C:C,5) -> 0.15384615 | AY79: =COUNTIFS(L:L,"A",C:C,6)/COUNTIF(C:C,6) -> 0.076923077
AS80: P(IM 9 B | Kelas Kesejahteraan) | AT80: =COUNTIFS(L:L,"B",C:C,1)/COUNTIF(C:C,1) -> 0.61538462 | AU80: =COUNTIFS(L:L,"B",C:C,2)/COUNTIF(C:C,2) -> 0.53846154 | AV80: =COUNTIFS(L:L,"B",C:C,3)/COUNTIF(C:C,3) -> 0.61538462 | AW80: =COUNTIFS(L:L,"B",C:C,4)/COUNTIF(C:C,4) -> 0.23076923 | AX80: =COUNTIFS(L:L,"B",C:C,5)/COUNTIF(C:C,5) -> 0.30769231 | AY80: =COUNTIFS(L:L,"B",C:C,6)/COUNTIF(C:C,6) -> 0.23076923
AS81: P(IM 9 C | Kelas Kesejahteraan) | AT81: =COUNTIFS(L:L,"C",C:C,1)/COUNTIF(C:C,1) -> 0.38461538 | AU81: =COUNTIFS(L:L,"C",C:C,2)/COUNTIF(C:C,2) -> 0.46153846 | AV81: =COUNTIFS(L:L,"C",C:C,3)/COUNTIF(C:C,3) -> 0.38461538 | AW81: =COUNTIFS(L:L,"C",C:C,4)/COUNTIF(C:C,4) -> 0.69230769 | AX81: =COUNTIFS(L:L,"C",C:C,5)/COUNTIF(C:C,5) -> 0.53846154 | AY81: =COUNTIFS(L:L,"C",C:C,6)/COUNTIF(C:C,6) -> 0.69230769
AS82: P(IM 9 D | Kelas Kesejahteraan) | AT82: =COUNTIFS(L:L,"D",C:C,1)/COUNTIF(C:C,1) -> 0 | AU82: =COUNTIFS(L:L,"D",C:C,2)/COUNTIF(C:C,2) -> 0 | AV82: =COUNTIFS(L:L,"D",C:C,3)/COUNTIF(C:C,3) -> 0 | AW82: =COUNTIFS(L:L,"D",C:C,4)/COUNTIF(C:C,4) -> 0.076923077 | AX82: =COUNTIFS(L:L,"D",C:C,5)/COUNTIF(C:C,5) -> 0 | AY82: =COUNTIFS(L:L,"D",C:C,6)/COUNTIF(C:C,6) -> 0
AS84: P(IM 10 | Kelas Kesejahteraan) | AT84: 1 | AU84: 2 | AV84: 3 | AW84: 4 | AX84: 5 | AY84: 6
AS85: P(IM 10 A | Kelas Kesejahteraan) | AT85: =COUNTIFS(M:M,"A",C:C,1)/COUNTIF(C:C,1) -> 0.076923077 | AU85: =COUNTIFS(M:M,"A",C:C,2)/COUNTIF(C:C,2) -> 0.30769231 | AV85: =COUNTIFS(M:M,"A",C:C,3)/COUNTIF(C:C,3) -> 0.30769231 | AW85: =COUNTIFS(M:M,"A",C:C,4)/COUNTIF(C:C,4) -> 0.23076923 | AX85: =COUNTIFS(M:M,"A",C:C,5)/COUNTIF(C:C,5) -> 0.38461538 | AY85: =COUNTIFS(M:M,"A",C:C,6)/COUNTIF(C:C,6) -> 0.53846154
AS86: P(IM 10 B | Kelas Kesejahteraan) | AT86: =COUNTIFS(M:M,"B",C:C,1)/COUNTIF(C:C,1) -> 0.69230769 | AU86: =COUNTIFS(M:M,"B",C:C,2)/COUNTIF(C:C,2) -> 0.30769231 | AV86: =COUNTIFS(M:M,"B",C:C,3)/COUNTIF(C:C,3) -> 0.46153846 | AW86: =COUNTIFS(M:M,"B",C:C,4)/COUNTIF(C:C,4) -> 0.23076923 | AX86: =COUNTIFS(M:M,"B",C:C,5)/COUNTIF(C:C,5) -> 0.076923077 | AY86: =COUNTIFS(M:M,"B",C:C,6)/COUNTIF(C:C,6) -> 0.23076923
AS87: P(IM 10 C | Kelas Kesejahteraan) | AT87: =COUNTIFS(M:M,"C",C:C,1)/COUNTIF(C:C,1) -> 0.23076923 | AU87: =COUNTIFS(M:M,"C",C:C,2)/COUNTIF(C:C,2) -> 0.38461538 | AV87: =COUNTIFS(M:M,"C",C:C,3)/COUNTIF(C:C,3) -> 0.23076923 | AW87: =COUNTIFS(M:M,"C",C:C,4)/COUNTIF(C:C,4) -> 0.38461538 | AX87: =COUNTIFS(M:M,"C",C:C,5)/COUNTIF(C:C,5) -> 0.23076923 | AY87: =COUNTIFS(M:M,"C",C:C,6)/COUNTIF(C:C,6) -> 0.076923077
AS88: P(IM 10 D | Kelas Kesejahteraan) | AT88: =COUNTIFS(M:M,"D",C:C,1)/COUNTIF(C:C,1) -> 0 | AU88: =COUNTIFS(M:M,"D",C:C,2)/COUNTIF(C:C,2) -> 0 | AV88: =COUNTIFS(M:M,"D",C:C,3)/COUNTIF(C:C,3) -> 0 | AW88: =COUNTIFS(M:M,"D",C:C,4)/COUNTIF(C:C,4) -> 0.15384615 | AX88: =COUNTIFS(M:M,"D",C:C,5)/COUNTIF(C:C,5) -> 0.30769231 | AY88: =COUNTIFS(M:M,"D",C:C,6)/COUNTIF(C:C,6) -> 0.15384615
AS90: P(IM 11 | Kelas Kesejahteraan) | AT90: 1 | AU90: 2 | AV90: 3 | AW90: 4 | AX90: 5 | AY90: 6
AS91: P(IM 11 A | Kelas Kesejahteraan) | AT91: =COUNTIFS(N:N,"A",C:C,1)/COUNTIF(C:C,1) -> 0.46153846 | AU91: =COUNTIFS(N:N,"A",C:C,2)/COUNTIF(C:C,2) -> 0.53846154 | AV91: =COUNTIFS(N:N,"A",C:C,3)/COUNTIF(C:C,3) -> 0.61538462 | AW91: =COUNTIFS(N:N,"A",C:C,4)/COUNTIF(C:C,4) -> 0.30769231 | AX91: =COUNTIFS(N:N,"A",C:C,5)/COUNTIF(C:C,5) -> 0.38461538 | AY91: =COUNTIFS(N:N,"A",C:C,6)/COUNTIF(C:C,6) -> 0.61538462
AS92: P(IM 11 B | Kelas Kesejahteraan) | AT92: =COUNTIFS(N:N,"B",C:C,1)/COUNTIF(C:C,1) -> 0.46153846 | AU92: =COUNTIFS(N:N,"B",C:C,2)/COUNTIF(C:C,2) -> 0.30769231 | AV92: =COUNTIFS(N:N,"B",C:C,3)/COUNTIF(C:C,3) -> 0.23076923 | AW92: =COUNTIFS(N:N,"B",C:C,4)/COUNTIF(C:C,4) -> 0.46153846 | AX92: =COUNTIFS(N:N,"B",C:C,5)/COUNTIF(C:C,5) -> 0.15384615 | AY92: =COUNTIFS(N:N,"B",C:C,6)/COUNTIF(C:C,6) -> 0.30769231
AS93: P(IM 11 C | Kelas Kesejahteraan) | AT93: =COUNTIFS(N:N,"C",C:C,1)/COUNTIF(C:C,1) -> 0.076923077 | AU93: =COUNTIFS(N:N,"C",C:C,2)/COUNTIF(C:C,2) -> 0.15384615 | AV93: =COUNTIFS(N:N,"C",C:C,3)/COUNTIF(C:C,3) -> 0.076923077 | AW93: =COUNTIFS(N:N,"C",C:C,4)/COUNTIF(C:C,4) -> 0 | AX93: =COUNTIFS(N:N,"C",C:C,5)/COUNTIF(C:C,5) -> 0.38461538 | AY93: =COUNTIFS(N:N,"C",C:C,6)/COUNTIF(C:C,6) -> 0.076923077
AS94: P(IM 11 D | Kelas Kesejahteraan) | AT94: =COUNTIFS(N:N,"D",C:C,1)/COUNTIF(C:C,1) -> 0 | AU94: =COUNTIFS(N:N,"D",C:C,2)/COUNTIF(C:C,2) -> 0 | AV94: =COUNTIFS(N:N,"D",C:C,3)/COUNTIF(C:C,3) -> 0.076923077 | AW94: =COUNTIFS(N:N,"D",C:C,4)/COUNTIF(C:C,4) -> 0.23076923 | AX94: =COUNTIFS(N:N,"D",C:C,5)/COUNTIF(C:C,5) -> 0.076923077 | AY94: =COUNTIFS(N:N,"D",C:C,6)/COUNTIF(C:C,6) -> 0
AS96: P(IM 12 | Kelas Kesejahteraan) | AT96: 1 | AU96: 2 | AV96: 3 | AW96: 4 | AX96: 5 | AY96: 6
AS97: P(IM 12 A | Kelas Kesejahteraan) | AT97: =COUNTIFS(O:O,"A",C:C,1)/COUNTIF(C:C,1) -> 0.30769231 | AU97: =COUNTIFS(O:O,"A",C:C,2)/COUNTIF(C:C,2) -> 0.23076923 | AV97: =COUNTIFS(O:O,"A",C:C,3)/COUNTIF(C:C,3) -> 0 | AW97: =COUNTIFS(O:O,"A",C:C,4)/COUNTIF(C:C,4) -> 0.23076923 | AX97: =COUNTIFS(O:O,"A",C:C,5)/COUNTIF(C:C,5) -> 0.15384615 | AY97: =COUNTIFS(O:O,"A",C:C,6)/COUNTIF(C:C,6) -> 0.076923077
AS98: P(IM 12 B | Kelas Kesejahteraan) | AT98: =COUNTIFS(O:O,"B",C:C,1)/COUNTIF(C:C,1) -> 0.23076923 | AU98: =COUNTIFS(O:O,"B",C:C,2)/COUNTIF(C:C,2) -> 0.076923077 | AV98: =COUNTIFS(O:O,"B",C:C,3)/COUNTIF(C:C,3) -> 0 | AW98: =COUNTIFS(O:O,"B",C:C,4)/COUNTIF(C:C,4) -> 0.15384615 | AX98: =COUNTIFS(O:O,"B",C:C,5)/COUNTIF(C:C,5) -> 0.076923077 | AY98: =COUNTIFS(O:O,"B",C:C,6)/COUNTIF(C:C,6) -> 0.15384615
AS99: P(IM 12 C | Kelas Kesejahteraan) | AT99: =COUNTIFS(O:O,"C",C:C,1)/COUNTIF(C:C,1) -> 0.30769231 | AU99: =COUNTIFS(O:O,"C",C:C,2)/COUNTIF(C:C,2) -> 0.38461538 | AV99: =COUNTIFS(O:O,"C",C:C,3)/COUNTIF(C:C,3) -> 0.46153846 | AW99: =COUNTIFS(O:O,"C",C:C,4)/COUNTIF(C:C,4) -> 0.23076923 | AX99: =COUNTIFS(O:O,"C",C:C,5)/COUNTIF(C:C,5) -> 0.38461538 | AY99: =COUNTIFS(O:O,"C",C:C,6)/COUNTIF(C:C,6) -> 0.076923077
AS100: P(IM 12 D | Kelas Kesejahteraan) | AT100: =COUNTIFS(O:O,"D",C:C,1)/COUNTIF(C:C,1) -> 0.15384615 | AU100: =COUNTIFS(O:O,"D",C:C,2)/COUNTIF(C:C,2) -> 0.30769231 | AV100: =COUNTIFS(O:O,"D",C:C,3)/COUNTIF(C:C,3) -> 0.53846154 | AW100: =COUNTIFS(O:O,"D",C:C,4)/COUNTIF(C:C,4) -> 0.38461538 | AX100: =COUNTIFS(O:O,"D",C:C,5)/COUNTIF(C:C,5) -> 0.38461538 | AY100: =COUNTIFS(O:O,"D",C:C,6)/COUNTIF(C:C,6) -> 0.69230769
AS102: P(IM 13 | Kelas Kesejahteraan) | AT102: 1 | AU102: 2 | AV102: 3 | AW102: 4 | AX102: 5 | AY102: 6
AS103: P(IM 13 A | Kelas Kesejahteraan) | AT103: =COUNTIFS(P:P,"A",C:C,1)/COUNTIF(C:C,1) -> 0.15384615 | AU103: =COUNTIFS(P:P,"A",C:C,2)/COUNTIF(C:C,2) -> 0 | AV103: =COUNTIFS(P:P,"A",C:C,3)/COUNTIF(C:C,3) -> 0 | AW103: =COUNTIFS(P:P,"A",C:C,4)/COUNTIF(C:C,4) -> 0.076923077 | AX103: =COUNTIFS(P:P,"A",C:C,5)/COUNTIF(C:C,5) -> 0.076923077 | AY103: =COUNTIFS(P:P,"A",C:C,6)/COUNTIF(C:C,6) -> 0
AS104: P(IM 13 B | Kelas Kesejahteraan) | AT104: =COUNTIFS(P:P,"B",C:C,1)/COUNTIF(C:C,1) -> 0 | AU104: =COUNTIFS(P:P,"B",C:C,2)/COUNTIF(C:C,2) -> 0 | AV104: =COUNTIFS(P:P,"B",C:C,3)/COUNTIF(C:C,3) -> 0.076923077 | AW104: =COUNTIFS(P:P,"B",C:C,4)/COUNTIF(C:C,4) -> 0 | AX104: =COUNTIFS(P:P,"B",C:C,5)/COUNTIF(C:C,5) -> 0 | AY104: =COUNTIFS(P:P,"B",C:C,6)/COUNTIF(C:C,6) -> 0
...

Sheet Data Uji 1
A1: No | B1: Kepala Rumah Tangga | C1: Kelas Kesejahteraan | D1: IM 1 | E1: IM 2 | F1: IM 3 | G1: IM 4 | H1: IM 5 | I1: IM 6 | J1: IM 7 | K1: IM 8 | L1: IM 9 | M1: IM 10 | N1: IM 11 | O1: IM 12 | P1: IM 13 | Q1: IM 14 | R1: IM 15 | S1: IM 16 | T1: IM 17 | U1: IM 18 | V1: IM 19 | W1: IM 20 | X1: IM 21 | Y1: IM 22 | Z1: IM 23 | AA1: IM 24 | AB1: IM 25 | AC1: IM 26 | AD1: IM 27 | AE1: IM 28 | AF1: IM 29 | AG1: IM 30 | AH1: IM 31 | AI1: IM 32 | AJ1: IM 33 | AK1: IM 34 | AL1: IM 35 | AM1: IM 36 | AO1: Menguji data uji dengan menggunakan model yang telah di training sebelumnya
A2: =ROW()-1 -> 1 | B2: Nur Sakinah | C2: 1 | D2: A | E2: D | F2: B | G2: D | H2: D | I2: D | J2: C | K2: C | L2: C | M2: C | N2: B | O2: D | P2: D | Q2: B | R2: B | S2: D | T2: D | U2: D | V2: C | W2: A | X2: A | Y2: C | Z2: A | AA2: A | AB2: A | AC2: A | AD2: A | AE2: A | AF2: A | AG2: B | AH2: A | AI2: B | AJ2: A | AK2: A | AL2: A | AM2: B | AO2: Nur sakinah | AQ2: Kelas Kesejahteraan | AR2: IM 1 | AS2: IM 2 | AT2: IM 3 | AU2: IM 4 | AV2: IM 5 | AW2: IM 6 | AX2: IM 7 | AY2: IM 8 | AZ2: IM 9 | BA2: IM 10 | BB2: IM 11 | BC2: IM 12 | BD2: IM 13 | BE2: IM 14 | BF2: IM 15 | BG2: IM 16 | BH2: IM 17 | BI2: IM 18 | BJ2: IM 19 | BK2: IM 20 | BL2: IM 21 | BM2: IM 22 | BN2: IM 23 | BO2: IM 24 | BP2: IM 25 | BQ2: IM 26 | BR2: IM 27 | BS2: IM 28 | BT2: IM 29 | BU2: IM 30 | BV2: IM 31 | BW2: IM 32 | BX2: IM 33 | BY2: IM 34 | BZ2: IM 35 | CA2: IM 36
A3: =ROW()-1 -> 2 | B3: Juariyah | C3: 1 | D3: C | E3: B | F3: A | G3: D | H3: D | I3: D | J3: D | K3: C | L3: B | M3: B | N3: A | O3: B | P3: D | Q3: B | R3: B | S3: D | T3: D | U3: D | V3: C | W3: A | X3: B | Y3: C | Z3: B | AA3: A | AB3: A | AC3: A | AD3: A | AE3: A | AF3: A | AG3: A | AH3: A | AI3: A | AJ3: A | AK3: A | AL3: B | AM3: B | AQ3: 1 | AR3: A | AS3: D | AT3: B | AU3: D | AV3: D | AW3: D | AX3: C | AY3: C | AZ3: C | BA3: C | BB3: B | BC3: D | BD3: D | BE3: B | BF3: B | BG3: D | BH3: D | BI3: D | BJ3: C | BK3: A | BL3: A | BM3: C | BN3: A | BO3: A | BP3: A | BQ3: A | BR3: A | BS3: A | BT3: A | BU3: B | BV3: A | BW3: B | BX3: A | BY3: A | BZ3: A | CA3: B
A4: =ROW()-1 -> 3 | B4: Khoirun Sasmito | C4: 1 | D4: C | E4: D | F4: B | G4: D | H4: D | I4: B | J4: C | K4: C | L4: C | M4: B | N4: A | O4: D | P4: D | Q4: B | R4: B | S4: D | T4: D | U4: D | V4: D | W4: A | X4: B | Y4: C | Z4: B | AA4: A | AB4: A | AC4: A | AD4: A | AE4: A | AF4: B | AG4: B | AH4: A | AI4: A | AJ4: A | AK4: A | AL4: A | AM4: B | AO4: P(Kesejahteraan|1) = | AQ4: ='Data Training 1'!AW22*'Data Training 1'!AT31*'Data Training 1'!AT40*'Data Training 1'!AT44*'Data Training 1'!AT52*'Data Training 1'!AT58*'Data Training 1'!AT64*'Data Training 1'!AT69*'Data Training 1'!AT75*'Data Training 1'!AT81*'Data Training 1'!AT87*'Data Training 1'!AT92*'Data Training 1'!AT100*'Data Training 1'!AT106*'Data Training 1'!AT110*'Data Training 1'!AT116*'Data Training 1'!AT124*'Data Training 1'!AT130*'Data Training 1'!AT136*'Data Training 1'!AT141*'Data Training 1'!AT145*'Data Training 1'!AT151*'Data Training 1'!AT159*'Data Training 1'!AT163*'Data Training 1'!AT167*'Data Training 1'!AT171*'Data Training 1'!AT175*'Data Training 1'!AT179*'Data Training 1'!AT183*'Data Training 1'!AT187*'Data Training 1'!AT192*'Data Training 1'!AT195*'Data Training 1'!AT200*'Data Training 1'!AT203*'Data Training 1'!AT207*'Data Training 1'!AT211*'Data Training 1'!AT216 -> 5.8352343e-11
A5: =ROW()-1 -> 4 | B5: Abd. Rochim | C5: 1 | D5: D | E5: B | F5: C | G5: B | H5: D | I5: D | J5: D | K5: C | L5: C | M5: C | N5: C | O5: D | P5: D | Q5: B | R5: B | S5: D | T5: D | U5: D | V5: D | W5: A | X5: A | Y5: A | Z5: B | AA5: B | AB5: B | AC5: A | AD5: A | AE5: A | AF5: A | AG5: B | AH5: A | AI5: B | AJ5: B | AK5: A | AL5: A | AM5: B | AO5: P(Kesejahteraan|2) = | AQ5: ='Data Training 1'!AW23*'Data Training 1'!AU31*'Data Training 1'!AU40*'Data Training 1'!AU44*'Data Training 1'!AU52*'Data Training 1'!AU58*'Data Training 1'!AU64*'Data Training 1'!AU69*'Data Training 1'!AU75*'Data Training 1'!AU81*'Data Training 1'!AU87*'Data Training 1'!AU92*'Data Training 1'!AU100*'Data Training 1'!AU106*'Data Training 1'!AU110*'Data Training 1'!AU116*'Data Training 1'!AU124*'Data Training 1'!AU130*'Data Training 1'!AU136*'Data Training 1'!AU141*'Data Training 1'!AU145*'Data Training 1'!AU151*'Data Training 1'!AU159*'Data Training 1'!AU163*'Data Training 1'!AU167*'Data Training 1'!AU171*'Data Training 1'!AU175*'Data Training 1'!AU179*'Data Training 1'!AU183*'Data Training 1'!AU187*'Data Training 1'!AU192*'Data Training 1'!AU195*'Data Training 1'!AU200*'Data Training 1'!AU203*'Data Training 1'!AU207*'Data Training 1'!AU211*'Data Training 1'!AU216 -> 0
A6: =ROW()-1 -> 5 | B6: Sumirah | C6: 1 | D6: D | E6: B | F6: A | G6: B | H6: D | I6: D | J6: D | K6: C | L6: B | M6: B | N6: C | O6: A | P6: D | Q6: B | R6: C | S6: D | T6: D | U6: D | V6: D | W6: A | X6: A | Y6: A | Z6: B | AA6: B | AB6: B | AC6: A | AD6: A | AE6: A | AF6: A | AG6: A | AH6: A | AI6: A | AJ6: A | AK6: A | AL6: A | AM6: B | AO6: P(Kesejahteraan|3) = | AQ6: ='Data Training 1'!AW24*'Data Training 1'!AV31*'Data Training 1'!AV40*'Data Training 1'!AV44*'Data Training 1'!AV52*'Data Training 1'!AV58*'Data Training 1'!AV64*'Data Training 1'!AV69*'Data Training 1'!AV75*'Data Training 1'!AV81*'Data Training 1'!AV87*'Data Training 1'!AV92*'Data Training 1'!AV100*'Data Training 1'!AV106*'Data Training 1'!AV110*'Data Training 1'!AV116*'Data Training 1'!AV124*'Data Training 1'!AV130*'Data Training 1'!AV136*'Data Training 1'!AV141*'Data Training 1'!AV145*'Data Training 1'!AV151*'Data Training 1'!AV159*'Data Training 1'!AV163*'Data Training 1'!AV167*'Data Training 1'!AV171*'Data Training 1'!AV175*'Data Training 1'!AV179*'Data Training 1'!AV183*'Data Training 1'!AV187*'Data Training 1'!AV192*'Data Training 1'!AV195*'Data Training 1'!AV200*'Data Training 1'!AV203*'Data Training 1'!AV207*'Data Training 1'!AV211*'Data Training 1'!AV216 -> 1.7783571e-10
A7: =ROW()-1 -> 6 | B7: Titik Suharnik | C7: 1 | D7: D | E7: B | F7: C | G7: B | H7: D | I7: D | J7: D | K7: C | L7: B | M7: B | N7: C | O7: D | P7: D | Q7: B | R7: C | S7: D | T7: D | U7: D | V7: A | W7: A | X7: A | Y7: A | Z7: B | AA7: B | AB7: B | AC7: A | AD7: A | AE7: A | AF7: A | AG7: B | AH7: A | AI7: B | AJ7: A | AK7: A | AL7: B | AM7: B | AO7: P(Kesejahteraan|4) = | AQ7: ='Data Training 1'!AW25*'Data Training 1'!AW31*'Data Training 1'!AW40*'Data Training 1'!AW44*'Data Training 1'!AW52*'Data Training 1'!AW58*'Data Training 1'!AW64*'Data Training 1'!AW69*'Data Training 1'!AW75*'Data Training 1'!AW81*'Data Training 1'!AW87*'Data Training 1'!AW92*'Data Training 1'!AW100*'Data Training 1'!AW106*'Data Training 1'!AW110*'Data Training 1'!AW116*'Data Training 1'!AW124*'Data Training 1'!AW130*'Data Training 1'!AW136*'Data Training 1'!AW141*'Data Training 1'!AW145*'Data Training 1'!AW151*'Data Training 1'!AW159*'Data Training 1'!AW163*'Data Training 1'!AW167*'Data Training 1'!AW171*'Data Training 1'!AW175*'Data Training 1'!AW179*'Data Training 1'!AW183*'Data Training 1'!AW187*'Data Training 1'!AW192*'Data Training 1'!AW195*'Data Training 1'!AW200*'Data Training 1'!AW203*'Data Training 1'!AW207*'Data Training 1'!AW211*'Data Training 1'!AW216 -> 0
A8: =ROW()-1 -> 7 | B8: Ahmad Munir | C8: 2 | D8: D | E8: B | F8: A | G8: B | H8: D | I8: D | J8: B | K8: A | L8: B | M8: B | N8: A | O8: A | P8: D | Q8: B | R8: A | S8: D | T8: D | U8: D | V8: B | W8: A | X8: A | Y8: A | Z8: B | AA8: A | AB8: A | AC8: A | AD8: A | AE8: A | AF8: A | AG8: B | AH8: A | AI8: B | AJ8: A | AK8: A | AL8: A | AM8: B | AO8: P(Kesejahteraan|5) = | AQ8: ='Data Training 1'!AW26*'Data Training 1'!AX31*'Data Training 1'!AX40*'Data Training 1'!AX44*'Data Training 1'!AX52*'Data Training 1'!AX58*'Data Training 1'!AX64*'Data Training 1'!AX69*'Data Training 1'!AX75*'Data Training 1'!AX81*'Data Training 1'!AX87*'Data Training 1'!AX92*'Data Training 1'!AX100*'Data Training 1'!AX106*'Data Training 1'!AX110*'Data Training 1'!AX116*'Data Training 1'!AX124*'Data Training 1'!AX130*'Data Training 1'!AX136*'Data Training 1'!AX141*'Data Training 1'!AX145*'Data Training 1'!AX151*'Data Training 1'!AX159*'Data Training 1'!AX163*'Data Training 1'!AX167*'Data Training 1'!AX171*'Data Training 1'!AX175*'Data Training 1'!AX179*'Data Training 1'!AX183*'Data Training 1'!AX187*'Data Training 1'!AX192*'Data Training 1'!AX195*'Data Training 1'!AX200*'Data Training 1'!AX203*'Data Training 1'!AX207*'Data Training 1'!AX211*'Data Training 1'!AX216 -> 0
A9: =ROW()-1 -> 8 | B9: Yudi Irawan | C9: 2 | D9: D | E9: D | F9: B | G9: D | H9: D | I9: D | J9: C | K9: C | L9: B | M9: C | N9: C | O9: B | P9: D | Q9: B | R9: A | S9: D | T9: D | U9: D | V9: D | W9: A | X9: B | Y9: C | Z9: B | AA9: A | AB9: A | AC9: A | AD9: A | AE9: A | AF9: A | AG9: B | AH9: A | AI9: A | AJ9: A | AK9: A | AL9: B | AM9: A | AO9: P(Kesejahteraan|6) = | AQ9: ='Data Training 1'!AW27*'Data Training 1'!AY31*'Data Training 1'!AY40*'Data Training 1'!AY44*'Data Training 1'!AY52*'Data Training 1'!AY58*'Data Training 1'!AY64*'Data Training 1'!AY69*'Data Training 1'!AY75*'Data Training 1'!AY81*'Data Training 1'!AY87*'Data Training 1'!AY92*'Data Training 1'!AY100*'Data Training 1'!AY106*'Data Training 1'!AY110*'Data Training 1'!AY116*'Data Training 1'!AY124*'Data Training 1'!AY130*'Data Training 1'!AY136*'Data Training 1'!AY141*'Data Training 1'!AY145*'Data Training 1'!AY151*'Data Training 1'!AY159*'Data Training 1'!AY163*'Data Training 1'!AY167*'Data Training 1'!AY171*'Data Training 1'!AY175*'Data Training 1'!AY179*'Data Training 1'!AY183*'Data Training 1'!AY187*'Data Training 1'!AY192*'Data Training 1'!AY195*'Data Training 1'!AY200*'Data Training 1'!AY203*'Data Training 1'!AY207*'Data Training 1'!AY211*'Data Training 1'!AY216 -> 0
A10: =ROW()-1 -> 9 | B10: Bambang Rudianto | C10: 2 | D10: A | E10: D | F10: B | G10: D | H10: D | I10: D | J10: D | K10: C | L10: B | M10: C | N10: B | O10: C | P10: D | Q10: B | R10: B | S10: D | T10: D | U10: D | V10: A | W10: A | X10: B | Y10: C | Z10: B | AA10: A | AB10: A | AC10: A | AD10: A | AE10: A | AF10: A | AG10: B | AH10: A | AI10: A | AJ10: A | AK10: A | AL10: A | AM10: B | AO10: Hasil prediksi | AQ10: Kelas kesejahteraan 1 | AR10: sesuai dengan data aktual
A11: =ROW()-1 -> 10 | B11: Suwarno | C11: 2 | D11: C | E11: B | F11: C | G11: D | H11: D | I11: D | J11: D | K11: C | L11: B | M11: B | N11: C | O11: D | P11: D | Q11: B | R11: C | S11: D | T11: D | U11: D | V11: D | W11: A | X11: A | Y11: A | Z11: B | AA11: A | AB11: A | AC11: A | AD11: A | AE11: A | AF11: A | AG11: B | AH11: A | AI11: B | AJ11: A | AK11: A | AL11: A | AM11: B
A12: =ROW()-1 -> 11 | B12: Sandik | C12: 2 | D12: A | E12: D | F12: D | G12: D | H12: D | I12: D | J12: D | K12: C | L12: B | M12: A | N12: A | O12: C | P12: D | Q12: A | R12: C | S12: D | T12: C | U12: D | V12: D | W12: C | X12: A | Y12: A | Z12: B | AA12: A | AB12: A | AC12: A | AD12: A | AE12: A | AF12: A | AG12: A | AH12: A | AI12: A | AJ12: A | AK12: A | AL12: A | AM12: B | AO12: Juariyah | AQ12: Kelas Kesejahteraan | AR12: IM 1 | AS12: IM 2 | AT12: IM 3 | AU12: IM 4 | AV12: IM 5 | AW12: IM 6 | AX12: IM 7 | AY12: IM 8 | AZ12: IM 9 | BA12: IM 10 | BB12: IM 11 | BC12: IM 12 | BD12: IM 13 | BE12: IM 14 | BF12: IM 15 | BG12: IM 16 | BH12: IM 17 | BI12: IM 18 | BJ12: IM 19 | BK12: IM 20 | BL12: IM 21 | BM12: IM 22 | BN12: IM 23 | BO12: IM 24 | BP12: IM 25 | BQ12: IM 26 | BR12: IM 27 | BS12: IM 28 | BT12: IM 29 | BU12: IM 30 | BV12: IM 31 | BW12: IM 32 | BX12: IM 33 | BY12: IM 34 | BZ12: IM 35 | CA12: IM 36
A13: =ROW()-1 -> 12 | B13: Trio Suparman | C13: 2 | D13: A | E13: D | F13: B | G13: C | H13: D | I13: D | J13: D | K13: C | L13: C | M13: B | N13: A | O13: C | P13: D | Q13: B | R13: A | S13: D | T13: D | U13: D | V13: A | W13: A | X13: B | Y13: A | Z13: B | AA13: A | AB13: A | AC13: A | AD13: A | AE13: A | AF13: A | AG13: B | AH13: A | AI13: B | AJ13: A | AK13: A | AL13: A | AM13: A | AQ13: 1 | AR13: C | AS13: B | AT13: A | AU13: D | AV13: D | AW13: D | AX13: D | AY13: C | AZ13: B | BA13: B | BB13: A | BC13: B | BD13: D | BE13: B | BF13: B | BG13: D | BH13: D | BI13: D | BJ13: C | BK13: A | BL13: B | BM13: C | BN13: B | BO13: A | BP13: A | BQ13: A | BR13: A | BS13: A | BT13: A | BU13: A | BV13: A | BW13: A | BX13: A | BY13: A | BZ13: B | CA13: B
A14: =ROW()-1 -> 13 | B14: Sugeng | C14: 3 | D14: C | E14: B | F14: B | G14: C | H14: D | I14: D | J14: D | K14: C | L14: B | M14: B | N14: B | O14: C | P14: D | Q14: B | R14: B | S14: D | T14: D | U14: D | V14: D | W14: A | X14: B | Y14: C | Z14: B | AA14: A | AB14: A | AC14: A | AD14: A | AE14: A | AF14: A | AG14: B | AH14: A | AI14: B | AJ14: A | AK14: A | AL14: B | AM14: B | AO14: P(Kesejahteraan|1) = | AQ14: ='Data Training 1'!AW22*'Data Training 1'!AT33*'Data Training 1'!AT38*'Data Training 1'!AT43*'Data Training 1'!AT52*'Data Training 1'!AT58*'Data Training 1'!AT64*'Data Training 1'!AT70*'Data Training 1'!AT75*'Data Training 1'!AT80*'Data Training 1'!AT86*'Data Training 1'!AT91*'Data Training 1'!AT98*'Data Training 1'!AT106*'Data Training 1'!AT110*'Data Training 1'!AT116*'Data Training 1'!AT124*'Data Training 1'!AT130*'Data Training 1'!AT136*'Data Training 1'!AT141*'Data Training 1'!AT145*'Data Training 1'!AT152*'Data Training 1'!AT159*'Data Training 1'!AT164*'Data Training 1'!AT167*'Data Training 1'!AT171*'Data Training 1'!AT175*'Data Training 1'!AT179*'Data Training 1'!AT183*'Data Training 1'!AT187*'Data Training 1'!AT191*'Data Training 1'!AT195*'Data Training 1'!AT199*'Data Training 1'!AT203*'Data Training 1'!AT207*'Data Training 1'!AT212*'Data Training 1'!AT216 -> 3.9999808e-09
A15: =ROW()-1 -> 14 | B15: Nova Putra | C15: 3 | D15: C | E15: B | F15: B | G15: C | H15: D | I15: C | J15: D | K15: C | L15: B | M15: A | N15: A | O15: D | P15: D | Q15: A | R15: D | S15: D | T15: D | U15: D | V15: D | W15: A | X15: B | Y15: A | Z15: A | AA15: A | AB15: A | AC15: A | AD15: A | AE15: A | AF15: A | AG15: A | AH15: A | AI15: B | AJ15: A | AK15: A | AL15: B | AM15: A | AO15: P(Kesejahteraan|2) = | AQ15: ='Data Training 1'!AW23*'Data Training 1'!AU33*'Data Training 1'!AU38*'Data Training 1'!AU43*'Data Training 1'!AU52*'Data Training 1'!AU58*'Data Training 1'!AU64*'Data Training 1'!AU70*'Data Training 1'!AU75*'Data Training 1'!AU80*'Data Training 1'!AU86*'Data Training 1'!AU91*'Data Training 1'!AU98*'Data Training 1'!AU106*'Data Training 1'!AU110*'Data Training 1'!AU116*'Data Training 1'!AU124*'Data Training 1'!AU130*'Data Training 1'!AU136*'Data Training 1'!AU141*'Data Training 1'!AU145*'Data Training 1'!AU152*'Data Training 1'!AU159*'Data Training 1'!AU164*'Data Training 1'!AU167*'Data Training 1'!AU171*'Data Training 1'!AU175*'Data Training 1'!AU179*'Data Training 1'!AU183*'Data Training 1'!AU187*'Data Training 1'!AU191*'Data Training 1'!AU195*'Data Training 1'!AU199*'Data Training 1'!AU203*'Data Training 1'!AU207*'Data Training 1'!AU212*'Data Training 1'!AU216 -> 5.1357778e-12
A16: =ROW()-1 -> 15 | B16: Galih Sujitno | C16: 3 | D16: C | E16: B | F16: B | G16: D | H16: D | I16: D | J16: C | K16: C | L16: B | M16: B | N16: A | O16: D | P16: C | Q16: B | R16: C | S16: D | T16: D | U16: D | V16: D | W16: A | X16: B | Y16: B | Z16: B | AA16: A | AB16: A | AC16: A | AD16: A | AE16: A | AF16: A | AG16: B | AH16: A | AI16: B | AJ16: A | AK16: A | AL16: B | AM16: B | AO16: P(Kesejahteraan|3) = | AQ16: ='Data Training 1'!AW24*'Data Training 1'!AV33*'Data Training 1'!AV38*'Data Training 1'!AV43*'Data Training 1'!AV52*'Data Training 1'!AV58*'Data Training 1'!AV64*'Data Training 1'!AV70*'Data Training 1'!AV75*'Data Training 1'!AV80*'Data Training 1'!AV86*'Data Training 1'!AV91*'Data Training 1'!AV98*'Data Training 1'!AV106*'Data Training 1'!AV110*'Data Training 1'!AV116*'Data Training 1'!AV124*'Data Training 1'!AV130*'Data Training 1'!AV136*'Data Training 1'!AV141*'Data Training 1'!AV145*'Data Training 1'!AV152*'Data Training 1'!AV159*'Data Training 1'!AV164*'Data Training 1'!AV167*'Data Training 1'!AV171*'Data Training 1'!AV175*'Data Training 1'!AV179*'Data Training 1'!AV183*'Data Training 1'!AV187*'Data Training 1'!AV191*'Data Training 1'!AV195*'Data Training 1'!AV199*'Data Training 1'!AV203*'Data Training 1'!AV207*'Data Training 1'!AV212*'Data Training 1'!AV216 -> 0
A17: =ROW()-1 -> 16 | B17: Achmad Sholik | C17: 3 | D17: C | E17: D | F17: B | G17: B | H17: D | I17: D | J17: C | K17: C | L17: B | M17: A | N17: A | O17: D | P17: B | Q17: B | R17: C | S17: D | T17: B | U17: C | V17: D | W17: A | X17: B | Y17: C | Z17: B | AA17: A | AB17: A | AC17: A | AD17: A | AE17: A | AF17: A | AG17: B | AH17: A | AI17: B | AJ17: A | AK17: A | AL17: A | AM17: B | AO17: P(Kesejahteraan|4) = | AQ17: ='Data Training 1'!AW25*'Data Training 1'!AW33*'Data Training 1'!AW38*'Data Training 1'!AW43*'Data Training 1'!AW52*'Data Training 1'!AW58*'Data Training 1'!AW64*'Data Training 1'!AW70*'Data Training 1'!AW75*'Data Training 1'!AW80*'Data Training 1'!AW86*'Data Training 1'!AW91*'Data Training 1'!AW98*'Data Training 1'!AW106*'Data Training 1'!AW110*'Data Training 1'!AW116*'Data Training 1'!AW124*'Data Training 1'!AW130*'Data Training 1'!AW136*'Data Training 1'!AW141*'Data Training 1'!AW145*'Data Training 1'!AW152*'Data Training 1'!AW159*'Data Training 1'!AW164*'Data Training 1'!AW167*'Data Training 1'!AW171*'Data Training 1'!AW175*'Data Training 1'!AW179*'Data Training 1'!AW183*'Data Training 1'!AW187*'Data Training 1'!AW191*'Data Training 1'!AW195*'Data Training 1'!AW199*'Data Training 1'!AW203*'Data Training 1'!AW207*'Data Training 1'!AW212*'Data Training 1'!AW216 -> 0
A18: =ROW()-1 -> 17 | B18: Suliani | C18: 3 | D18: A | E18: B | F18: D | G18: D | H18: D | I18: D | J18: D | K18: C | L18: B | M18: B | N18: C | O18: C | P18: D | Q18: B | R18: C | S18: C | T18: D | U18: D | V18: D | W18: B | X18: D | Y18: D | Z18: A | AA18: A | AB18: A | AC18: A | AD18: A | AE18: A | AF18: A | AG18: B | AH18: A | AI18: B | AJ18: A | AK18: A | AL18: B | AM18: B | AO18: P(Kesejahteraan|5) = | AQ18: ='Data Training 1'!AW26*'Data Training 1'!AX33*'Data Training 1'!AX38*'Data Training 1'!AX43*'Data Training 1'!AX52*'Data Training 1'!AX58*'Data Training 1'!AX64*'Data Training 1'!AX70*'Data Training 1'!AX75*'Data Training 1'!AX80*'Data Training 1'!AX86*'Data Training 1'!AX91*'Data Training 1'!AX98*'Data Training 1'!AX106*'Data Training 1'!AX110*'Data Training 1'!AX116*'Data Training 1'!AX124*'Data Training 1'!AX130*'Data Training 1'!AX136*'Data Training 1'!AX141*'Data Training 1'!AX145*'Data Training 1'!AX152*'Data Training 1'!AX159*'Data Training 1'!AX164*'Data Training 1'!AX167*'Data Training 1'!AX171*'Data Training 1'!AX175*'Data Training 1'!AX179*'Data Training 1'!AX183*'Data Training 1'!AX187*'Data Training 1'!AX191*'Data Training 1'!AX195*'Data Training 1'!AX199*'Data Training 1'!AX203*'Data Training 1'!AX207*'Data Training 1'!AX212*'Data Training 1'!AX216 -> 0
A19: =ROW()-1 -> 18 | B19: Suti | C19: 3 | D19: D | E19: A | F19: A | G19: D | H19: D | I19: D | J19: D | K19: C | L19: C | M19: B | N19: A | O19: C | P19: C | Q19: C | R19: D | S19: D | T19: B | U19: B | V19: C | W19: A | X19: D | Y19: B | Z19: B | AA19: B | AB19: B | AC19: A | AD19: A | AE19: A | AF19: A | AG19: B | AH19: A | AI19: A | AJ19: A | AK19: A | AL19: A | AM19: B | AO19: P(Kesejahteraan|6) = | AQ19: ='Data Training 1'!AW27*'Data Training 1'!AY33*'Data Training 1'!AY38*'Data Training 1'!AY43*'Data Training 1'!AY52*'Data Training 1'!AY58*'Data Training 1'!AY64*'Data Training 1'!AY70*'Data Training 1'!AY75*'Data Training 1'!AY80*'Data Training 1'!AY86*'Data Training 1'!AY91*'Data Training 1'!AY98*'Data Training 1'!AY106*'Data Training 1'!AY110*'Data Training 1'!AY116*'Data Training 1'!AY124*'Data Training 1'!AY130*'Data Training 1'!AY136*'Data Training 1'!AY141*'Data Training 1'!AY145*'Data Training 1'!AY152*'Data Training 1'!AY159*'Data Training 1'!AY164*'Data Training 1'!AY167*'Data Training 1'!AY171*'Data Training 1'!AY175*'Data Training 1'!AY179*'Data Training 1'!AY183*'Data Training 1'!AY187*'Data Training 1'!AY191*'Data Training 1'!AY195*'Data Training 1'!AY199*'Data Training 1'!AY203*'Data Training 1'!AY207*'Data Training 1'!AY212*'Data Training 1'!AY216 -> 0
A20: =ROW()-1 -> 19 | B20: Agustian Juari | C20: 4 | D20: B | E20: B | F20: B | G20: D | H20: D | I20: D | J20: D | K20: C | L20: C | M20: B | N20: A | O20: D | P20: D | Q20: B | R20: C | S20: D | T20: D | U20: D | V20: A | W20: A | X20: A | Y20: C | Z20: B | AA20: A | AB20: A | AC20: A | AD20: A | AE20: A | AF20: B | AG20: B | AH20: A | AI20: B | AJ20: B | AK20: A | AL20: A | AM20: B | AO20: Hasil prediksi | AQ20: Kelas kesejahteraan 2 | AR20: Tidak sesuai dengan data aktual
A21: =ROW()-1 -> 20 | B21: Tri Bagusanto | C21: 4 | D21: D | E21: D | F21: C | G21: D | H21: D | I21: D | J21: D | K21: C | L21: C | M21: C | N21: B | O21: D | P21: D | Q21: C | R21: C | S21: D | T21: D | U21: D | V21: D | W21: B | X21: B | Y21: C | Z21: B | AA21: A | AB21: A | AC21: A | AD21: A | AE21: A | AF21: B | AG21: B | AH21: A | AI21: B | AJ21: B | AK21: A | AL21: B | AM21: B
A22: =ROW()-1 -> 21 | B22: Muhammad Ali | C22: 4 | D22: D | E22: B | F22: C | G22: D | H22: D | I22: D | J22: C | K22: C | L22: B | M22: B | N22: B | O22: B | P22: C | Q22: C | R22: C | S22: D | T22: C | U22: C | V22: D | W22: B | X22: C | Y22: C | Z22: B | AA22: A | AB22: A | AC22: A | AD22: A | AE22: A | AF22: B | AG22: B | AH22: A | AI22: B | AJ22: A | AK22: A | AL22: A | AM22: B | AO22: Khoirun sasmito | AQ22: Kelas Kesejahteraan | AR22: IM 1 | AS22: IM 2 | AT22: IM 3 | AU22: IM 4 | AV22: IM 5 | AW22: IM 6 | AX22: IM 7 | AY22: IM 8 | AZ22: IM 9 | BA22: IM 10 | BB22: IM 11 | BC22: IM 12 | BD22: IM 13 | BE22: IM 14 | BF22: IM 15 | BG22: IM 16 | BH22: IM 17 | BI22: IM 18 | BJ22: IM 19 | BK22: IM 20 | BL22: IM 21 | BM22: IM 22 | BN22: IM 23 | BO22: IM 24 | BP22: IM 25 | BQ22: IM 26 | BR22: IM 27 | BS22: IM 28 | BT22: IM 29 | BU22: IM 30 | BV22: IM 31 | BW22: IM 32 | BX22: IM 33 | BY22: IM 34 | BZ22: IM 35 | CA22: IM 36
A23: =ROW()-1 -> 22 | B23: Suhadak | C23: 4 | D23: D | E23: D | F23: C | G23: D | H23: D | I23: D | J23: D | K23: C | L23: B | M23: A | N23: A | O23: B | P23: C | Q23: C | R23: B | S23: D | T23: B | U23: C | V23: D | W23: B | X23: A | Y23: A | Z23: B | AA23: A | AB23: A | AC23: A | AD23: A | AE23: A | AF23: A | AG23: B | AH23: B | AI23: B | AJ23: A | AK23: A | AL23: B | AM23: B | AQ23: 1 | AR23: C | AS23: D | AT23: B | AU23: D | AV23: D | AW23: B | AX23: C | AY23: C | AZ23: C | BA23: B | BB23: A | BC23: D | BD23: D | BE23: B | BF23: B | BG23: D | BH23: D | BI23: D | BJ23: D | BK23: A | BL23: B | BM23: C | BN23: B | BO23: A | BP23: A | BQ23: A | BR23: A | BS23: A | BT23: B | BU23: B | BV23: A | BW23: A | BX23: A | BY23: A | BZ23: A | CA23: B
A24: =ROW()-1 -> 23 | B24: Muchamad Basri | C24: 4 | D24: C | E24: D | F24: C | G24: D | H24: D | I24: D | J24: D | K24: C | L24: C | M24: C | N24: D | O24: A | P24: D | Q24: C | R24: A | S24: D | T24: D | U24: D | V24: A | W24: B | X24: A | Y24: A | Z24: B | AA24: A | AB24: A | AC24: A | AD24: A | AE24: A | AF24: A | AG24: B | AH24: A | AI24: B | AJ24: A | AK24: A | AL24: B | AM24: B | AO24: P(Kesejahteraan|1) = | AQ24: ='Data Training 1'!AW22*'Data Training 1'!AT33*'Data Training 1'!AT40*'Data Training 1'!AT44*'Data Training 1'!AT52*'Data Training 1'!AT58*'Data Training 1'!AT62*'Data Training 1'!AT69*'Data Training 1'!AT75*'Data Training 1'!AT81*'Data Training 1'!AT86*'Data Training 1'!AT91*'Data Training 1'!AT100*'Data Training 1'!AT106*'Data Training 1'!AT110*'Data Training 1'!AT116*'Data Training 1'!AT124*'Data Training 1'!AT130*'Data Training 1'!AT136*'Data Training 1'!AT142*'Data Training 1'!AT145*'Data Training 1'!AT152*'Data Training 1'!AT159*'Data Training 1'!AT164*'Data Training 1'!AT167*'Data Training 1'!AT171*'Data Training 1'!AT175*'Data Training 1'!AT179*'Data Training 1'!AT183*'Data Training 1'!AT188*'Data Training 1'!AT192*'Data Training 1'!AT195*'Data Training 1'!AT199*'Data Training 1'!AT203*'Data Training 1'!AT207*'Data Training 1'!AT211*'Data Training 1'!AT216 -> 1.9999904e-10
A25: =ROW()-1 -> 24 | B25: Erwin Suryawardhani | C25: 4 | D25: B | E25: D | F25: A | G25: D | H25: D | I25: D | J25: D | K25: C | L25: C | M25: A | N25: A | O25: D | P25: C | Q25: B | R25: D | S25: D | T25: C | U25: D | V25: D | W25: A | X25: A | Y25: C | Z25: B | AA25: A | AB25: A | AC25: A | AD25: A | AE25: A | AF25: A | AG25: B | AH25: A | AI25: B | AJ25: A | AK25: A | AL25: A | AM25: B | AO25: P(Kesejahteraan|2) = | AQ25: ='Data Training 1'!AW23*'Data Training 1'!AU33*'Data Training 1'!AU40*'Data Training 1'!AU44*'Data Training 1'!AU52*'Data Training 1'!AU58*'Data Training 1'!AU62*'Data Training 1'!AU69*'Data Training 1'!AU75*'Data Training 1'!AU81*'Data Training 1'!AU86*'Data Training 1'!AU91*'Data Training 1'!AU100*'Data Training 1'!AU106*'Data Training 1'!AU110*'Data Training 1'!AU116*'Data Training 1'!AU124*'Data Training 1'!AU130*'Data Training 1'!AU136*'Data Training 1'!AU142*'Data Training 1'!AU145*'Data Training 1'!AU152*'Data Training 1'!AU159*'Data Training 1'!AU164*'Data Training 1'!AU167*'Data Training 1'!AU171*'Data Training 1'!AU175*'Data Training 1'!AU179*'Data Training 1'!AU183*'Data Training 1'!AU188*'Data Training 1'!AU192*'Data Training 1'!AU195*'Data Training 1'!AU199*'Data Training 1'!AU203*'Data Training 1'!AU207*'Data Training 1'!AU211*'Data Training 1'!AU216 -> 0
A26: =ROW()-1 -> 25 | B26: Muhammad Tegar | C26: 5 | D26: D | E26: B | F26: B | G26: D | H26: D | I26: D | J26: D | K26: C | L26: C | M26: D | N26: B | O26: C | P26: D | Q26: C | R26: B | S26: D | T26: D | U26: D | V26: D | W26: B | X26: A | Y26: C | Z26: B | AA26: A | AB26: A | AC26: A | AD26: A | AE26: A | AF26: A | AG26: B | AH26: A | AI26: B | AJ26: A | AK26: A | AL26: A | AM26: B | AO26: P(Kesejahteraan|3) = | AQ26: ='Data Training 1'!AW24*'Data Training 1'!AV33*'Data Training 1'!AV40*'Data Training 1'!AV44*'Data Training 1'!AV52*'Data Training 1'!AV58*'Data Training 1'!AV62*'Data Training 1'!AV69*'Data Training 1'!AV75*'Data Training 1'!AV81*'Data Training 1'!AV86*'Data Training 1'!AV91*'Data Training 1'!AV100*'Data Training 1'!AV106*'Data Training 1'!AV110*'Data Training 1'!AV116*'Data Training 1'!AV124*'Data Training 1'!AV130*'Data Training 1'!AV136*'Data Training 1'!AV142*'Data Training 1'!AV145*'Data Training 1'!AV152*'Data Training 1'!AV159*'Data Training 1'!AV164*'Data Training 1'!AV167*'Data Training 1'!AV171*'Data Training 1'!AV175*'Data Training 1'!AV179*'Data Training 1'!AV183*'Data Training 1'!AV188*'Data Training 1'!AV192*'Data Training 1'!AV195*'Data Training 1'!AV199*'Data Training 1'!AV203*'Data Training 1'!AV207*'Data Training 1'!AV211*'Data Training 1'!AV216 -> 0
A27: =ROW()-1 -> 26 | B27: Suhadi Jayadi | C27: 5 | D27: D | E27: B | F27: D | G27: D | H27: D | I27: D | J27: D | K27: C | L27: C | M27: A | N27: A | O27: B | P27: D | Q27: C | R27: D | S27: C | T27: C | U27: D | V27: A | W27: B | X27: B | Y27: A | Z27: B | AA27: A | AB27: A | AC27: A | AD27: A | AE27: A | AF27: B | AG27: B | AH27: A | AI27: B | AJ27: A | AK27: A | AL27: A | AM27: B | AO27: P(Kesejahteraan|4) = | AQ27: ='Data Training 1'!AW25*'Data Training 1'!AW33*'Data Training 1'!AW40*'Data Training 1'!AW44*'Data Training 1'!AW52*'Data Training 1'!AW58*'Data Training 1'!AW62*'Data Training 1'!AW69*'Data Training 1'!AW75*'Data Training 1'!AW81*'Data Training 1'!AW86*'Data Training 1'!AW91*'Data Training 1'!AW100*'Data Training 1'!AW106*'Data Training 1'!AW110*'Data Training 1'!AW116*'Data Training 1'!AW124*'Data Training 1'!AW130*'Data Training 1'!AW136*'Data Training 1'!AW142*'Data Training 1'!AW145*'Data Training 1'!AW152*'Data Training 1'!AW159*'Data Training 1'!AW164*'Data Training 1'!AW167*'Data Training 1'!AW171*'Data Training 1'!AW175*'Data Training 1'!AW179*'Data Training 1'!AW183*'Data Training 1'!AW188*'Data Training 1'!AW192*'Data Training 1'!AW195*'Data Training 1'!AW199*'Data Training 1'!AW203*'Data Training 1'!AW207*'Data Training 1'!AW211*'Data Training 1'!AW216 -> 0
A28: =ROW()-1 -> 27 | B28: Sarman | C28: 5 | D28: D | E28: D | F28: C | G28: D | H28: D | I28: B | J28: D | K28: C | L28: C | M28: C | N28: C | O28: C | P28: C | Q28: B | R28: B | S28: D | T28: D | U28: D | V28: D | W28: B | X28: B | Y28: C | Z28: B | AA28: A | AB28: A | AC28: A | AD28: A | AE28: A | AF28: B | AG28: B | AH28: A | AI28: B | AJ28: B | AK28: A | AL28: B | AM28: B | AO28: P(Kesejahteraan|5) = | AQ28: ='Data Training 1'!AW26*'Data Training 1'!AX33*'Data Training 1'!AX40*'Data Training 1'!AX44*'Data Training 1'!AX52*'Data Training 1'!AX58*'Data Training 1'!AX62*'Data Training 1'!AX69*'Data Training 1'!AX75*'Data Training 1'!AX81*'Data Training 1'!AX86*'Data Training 1'!AX91*'Data Training 1'!AX100*'Data Training 1'!AX106*'Data Training 1'!AX110*'Data Training 1'!AX116*'Data Training 1'!AX124*'Data Training 1'!AX130*'Data Training 1'!AX136*'Data Training 1'!AX142*'Data Training 1'!AX145*'Data Training 1'!AX152*'Data Training 1'!AX159*'Data Training 1'!AX164*'Data Training 1'!AX167*'Data Training 1'!AX171*'Data Training 1'!AX175*'Data Training 1'!AX179*'Data Training 1'!AX183*'Data Training 1'!AX188*'Data Training 1'!AX192*'Data Training 1'!AX195*'Data Training 1'!AX199*'Data Training 1'!AX203*'Data Training 1'!AX207*'Data Training 1'!AX211*'Data Training 1'!AX216 -> 0
A29: =ROW()-1 -> 28 | B29: Fitri Ayu | C29: 5 | D29: C | E29: B | F29: D | G29: D | H29: D | I29: D | J29: D | K29: C | L29: B | M29: B | N29: D | O29: C | P29: D | Q29: C | R29: C | S29: D | T29: D | U29: D | V29: B | W29: B | X29: A | Y29: C | Z29: B | AA29: A | AB29: A | AC29: A | AD29: A | AE29: A | AF29: B | AG29: B | AH29: A | AI29: B | AJ29: A | AK29: A | AL29: A | AM29: B | AO29: P(Kesejahteraan|6) = | AQ29: ='Data Training 1'!AW27*'Data Training 1'!AY33*'Data Training 1'!AY40*'Data Training 1'!AY44*'Data Training 1'!AY52*'Data Training 1'!AY58*'Data Training 1'!AY62*'Data Training 1'!AY69*'Data Training 1'!AY75*'Data Training 1'!AY81*'Data Training 1'!AY86*'Data Training 1'!AY91*'Data Training 1'!AY100*'Data Training 1'!AY106*'Data Training 1'!AY110*'Data Training 1'!AY116*'Data Training 1'!AY124*'Data Training 1'!AY130*'Data Training 1'!AY136*'Data Training 1'!AY142*'Data Training 1'!AY145*'Data Training 1'!AY152*'Data Training 1'!AY159*'Data Training 1'!AY164*'Data Training 1'!AY167*'Data Training 1'!AY171*'Data Training 1'!AY175*'Data Training 1'!AY179*'Data Training 1'!AY183*'Data Training 1'!AY188*'Data Training 1'!AY192*'Data Training 1'!AY195*'Data Training 1'!AY199*'Data Training 1'!AY203*'Data Training 1'!AY207*'Data Training 1'!AY211*'Data Training 1'!AY216 -> 0
A30: =ROW()-1 -> 29 | B30: Mujiana | C30: 5 | D30: C | E30: B | F30: A | G30: D | H30: D | I30: B | J30: D | K30: C | L30: B | M30: C | N30: C | O30: D | P30: D | Q30: C | R30: D | S30: D | T30: B | U30: D | V30: C | W30: A | X30: A | Y30: C | Z30: B | AA30: A | AB30: A | AC30: A | AD30: A | AE30: A | AF30: A | AG30: B | AH30: A | AI30: B | AJ30: A | AK30: A | AL30: B | AM30: B | AO30: Hasil prediksi | AQ30: Kelas kesejahteraan 1 | AR30: sesuai dengan data aktual
A31: =ROW()-1 -> 30 | B31: Mahendra | C31: 5 | D31: D | E31: D | F31: B | G31: D | H31: D | I31: D | J31: D | K31: C | L31: C | M31: D | N31: C | O31: C | P31: A | Q31: B | R31: C | S31: D | T31: D | U31: D | V31: B | W31: B | X31: B | Y31: A | Z31: B | AA31: A | AB31: A | AC31: A | AD31: A | AE31: A | AF31: B | AG31: B | AH31: A | AI31: B | AJ31: A | AK31: A | AL31: B | AM31: B
A32: =ROW()-1 -> 31 | B32: Tribhuwana Tunggadewa | C32: 6 | D32: D | E32: D | F32: B | G32: D | H32: D | I32: D | J32: D | K32: C | L32: C | M32: A | N32: A | O32: A | P32: D | Q32: A | R32: D | S32: D | T32: D | U32: D | V32: B | W32: D | X32: C | Y32: C | Z32: B | AA32: A | AB32: A | AC32: A | AD32: A | AE32: A | AF32: A | AG32: B | AH32: A | AI32: B | AJ32: B | AK32: A | AL32: B | AM32: B | AO32: Abd. Rochim | AQ32: Kelas Kesejahteraan | AR32: IM 1 | AS32: IM 2 | AT32: IM 3 | AU32: IM 4 | AV32: IM 5 | AW32: IM 6 | AX32: IM 7 | AY32: IM 8 | AZ32: IM 9 | BA32: IM 10 | BB32: IM 11 | BC32: IM 12 | BD32: IM 13 | BE32: IM 14 | BF32: IM 15 | BG32: IM 16 | BH32: IM 17 | BI32: IM 18 | BJ32: IM 19 | BK32: IM 20 | BL32: IM 21 | BM32: IM 22 | BN32: IM 23 | BO32: IM 24 | BP32: IM 25 | BQ32: IM 26 | BR32: IM 27 | BS32: IM 28 | BT32: IM 29 | BU32: IM 30 | BV32: IM 31 | BW32: IM 32 | BX32: IM 33 | BY32: IM 34 | BZ32: IM 35 | CA32: IM 36
A33: =ROW()-1 -> 32 | B33: Pratama Putra | C33: 6 | D33: A | E33: D | F33: C | G33: D | H33: D | I33: D | J33: C | K33: C | L33: C | M33: A | N33: C | O33: D | P33: D | Q33: A | R33: D | S33: D | T33: D | U33: D | V33: D | W33: A | X33: B | Y33: C | Z33: B | AA33: A | AB33: A | AC33: A | AD33: B | AE33: A | AF33: B | AG33: B | AH33: B | AI33: B | AJ33: B | AK33: B | AL33: B | AM33: B | AQ33: 1 | AR33: D | AS33: B | AT33: C | AU33: B | AV33: D | AW33: D | AX33: D | AY33: C | AZ33: C | BA33: C | BB33: C | BC33: D | BD33: D | BE33: B | BF33: B | BG33: D | BH33: D | BI33: D | BJ33: D | BK33: A | BL33: A | BM33: A | BN33: B | BO33: B | BP33: B | BQ33: A | BR33: A | BS33: A | BT33: A | BU33: B | BV33: A | BW33: B | BX33: B | BY33: A | BZ33: A | CA33: B
A34: =ROW()-1 -> 33 | B34: Eka Rafi Abadi | C34: 6 | D34: D | E34: D | F34: B | G34: C | H34: D | I34: D | J34: D | K34: D | L34: C | M34: A | N34: A | O34: C | P34: D | Q34: C | R34: C | S34: D | T34: B | U34: D | V34: B | W34: C | X34: C | Y34: D | Z34: B | AA34: A | AB34: A | AC34: A | AD34: B | AE34: A | AF34: B | AG34: B | AH34: B | AI34: B | AJ34: B | AK34: B | AL34: B | AM34: B | AO34: P(Kesejahteraan|1) = | AQ34: ='Data Training 1'!AW22*'Data Training 1'!AT34*'Data Training 1'!AT38*'Data Training 1'!AT45*'Data Training 1'!AT50*'Data Training 1'!AT58*'Data Training 1'!AT64*'Data Training 1'!AT70*'Data Training 1'!AT75*'Data Training 1'!AT81*'Data Training 1'!AT87*'Data Training 1'!AT93*'Data Training 1'!AT100*'Data Training 1'!AT106*'Data Training 1'!AT110*'Data Training 1'!AT116*'Data Training 1'!AT124*'Data Training 1'!AT130*'Data Training 1'!AT136*'Data Training 1'!AT142*'Data Training 1'!AT145*'Data Training 1'!AT151*'Data Training 1'!AT157*'Data Training 1'!AT164*'Data Training 1'!AT168*'Data Training 1'!AT172*'Data Training 1'!AT175*'Data Training 1'!AT179*'Data Training 1'!AT183*'Data Training 1'!AT187*'Data Training 1'!AT192*'Data Training 1'!AT195*'Data Training 1'!AT200*'Data Training 1'!AT204*'Data Training 1'!AT207*'Data Training 1'!AT211*'Data Training 1'!AT216 -> 4.7634566e-11
A35: =ROW()-1 -> 34 | B35: Umu Latifah | C35: 6 | D35: D | E35: D | F35: C | G35: D | H35: D | I35: D | J35: D | K35: D | L35: C | M35: A | N35: A | O35: D | P35: C | Q35: B | R35: D | S35: D | T35: B | U35: D | V35: D | W35: A | X35: B | Y35: C | Z35: B | AA35: A | AB35: A | AC35: B | AD35: A | AE35: A | AF35: A | AG35: B | AH35: A | AI35: B | AJ35: A | AK35: A | AL35: A | AM35: B | AO35: P(Kesejahteraan|2) = | AQ35: ='Data Training 1'!AW23*'Data Training 1'!AU34*'Data Training 1'!AU38*'Data Training 1'!AU45*'Data Training 1'!AU50*'Data Training 1'!AU58*'Data Training 1'!AU64*'Data Training 1'!AU70*'Data Training 1'!AU75*'Data Training 1'!AU81*'Data Training 1'!AU87*'Data Training 1'!AU93*'Data Training 1'!AU100*'Data Training 1'!AU106*'Data Training 1'!AU110*'Data Training 1'!AU116*'Data Training 1'!AU124*'Data Training 1'!AU130*'Data Training 1'!AU136*'Data Training 1'!AU142*'Data Training 1'!AU145*'Data Training 1'!AU151*'Data Training 1'!AU157*'Data Training 1'!AU164*'Data Training 1'!AU168*'Data Training 1'!AU172*'Data Training 1'!AU175*'Data Training 1'!AU179*'Data Training 1'!AU183*'Data Training 1'!AU187*'Data Training 1'!AU192*'Data Training 1'!AU195*'Data Training 1'!AU200*'Data Training 1'!AU204*'Data Training 1'!AU207*'Data Training 1'!AU211*'Data Training 1'!AU216 -> 2.2010476e-11
A36: =ROW()-1 -> 35 | B36: Agus Setiar | C36: 6 | D36: D | E36: D | F36: B | G36: D | H36: D | I36: D | J36: D | K36: C | L36: C | M36: C | N36: C | O36: B | P36: D | Q36: B | R36: B | S36: D | T36: D | U36: D | V36: C | W36: B | X36: A | Y36: A | Z36: B | AA36: A | AB36: A | AC36: A | AD36: B | AE36: A | AF36: A | AG36: B | AH36: B | AI36: B | AJ36: B | AK36: B | AL36: B | AM36: B | AO36: P(Kesejahteraan|3) = | AQ36: ='Data Training 1'!AW24*'Data Training 1'!AV34*'Data Training 1'!AV38*'Data Training 1'!AV45*'Data Training 1'!AV50*'Data Training 1'!AV58*'Data Training 1'!AV64*'Data Training 1'!AV70*'Data Training 1'!AV75*'Data Training 1'!AV81*'Data Training 1'!AV87*'Data Training 1'!AV93*'Data Training 1'!AV100*'Data Training 1'!AV106*'Data Training 1'!AV110*'Data Training 1'!AV116*'Data Training 1'!AV124*'Data Training 1'!AV130*'Data Training 1'!AV136*'Data Training 1'!AV142*'Data Training 1'!AV145*'Data Training 1'!AV151*'Data Training 1'!AV157*'Data Training 1'!AV164*'Data Training 1'!AV168*'Data Training 1'!AV172*'Data Training 1'!AV175*'Data Training 1'!AV179*'Data Training 1'!AV183*'Data Training 1'!AV187*'Data Training 1'!AV192*'Data Training 1'!AV195*'Data Training 1'!AV200*'Data Training 1'!AV204*'Data Training 1'!AV207*'Data Training 1'!AV211*'Data Training 1'!AV216 -> 0
A37: =ROW()-1 -> 36 | B37: Soim Qodari | C37: 6 | D37: D | E37: D | F37: A | G37: D | H37: D | I37: D | J37: D | K37: C | L37: B | M37: A | N37: B | O37: D | P37: D | Q37: B | R37: D | S37: D | T37: B | U37: D | V37: B | W37: A | X37: C | Y37: C | Z37: B | AA37: A | AB37: A | AC37: A | AD37: A | AE37: A | AF37: A | AG37: B | AH37: A | AI37: B | AJ37: B | AK37: A | AL37: B | AM37: B | AO37: P(Kesejahteraan|4) = | AQ37: ='Data Training 1'!AW25*'Data Training 1'!AW34*'Data Training 1'!AW38*'Data Training 1'!AW45*'Data Training 1'!AW50*'Data Training 1'!AW58*'Data Training 1'!AW64*'Data Training 1'!AW70*'Data Training 1'!AW75*'Data Training 1'!AW81*'Data Training 1'!AW87*'Data Training 1'!AW93*'Data Training 1'!AW100*'Data Training 1'!AW106*'Data Training 1'!AW110*'Data Training 1'!AW116*'Data Training 1'!AW124*'Data Training 1'!AW130*'Data Training 1'!AW136*'Data Training 1'!AW142*'Data Training 1'!AW145*'Data Training 1'!AW151*'Data Training 1'!AW157*'Data Training 1'!AW164*'Data Training 1'!AW168*'Data Training 1'!AW172*'Data Training 1'!AW175*'Data Training 1'!AW179*'Data Training 1'!AW183*'Data Training 1'!AW187*'Data Training 1'!AW192*'Data Training 1'!AW195*'Data Training 1'!AW200*'Data Training 1'!AW204*'Data Training 1'!AW207*'Data Training 1'!AW211*'Data Training 1'!AW216 -> 0
AO38: P(Kesejahteraan|5) = | AQ38: ='Data Training 1'!AW26*'Data Training 1'!AX34*'Data Training 1'!AX38*'Data Training 1'!AX45*'Data Training 1'!AX50*'Data Training 1'!AX58*'Data Training 1'!AX64*'Data Training 1'!AX70*'Data Training 1'!AX75*'Data Training 1'!AX81*'Data Training 1'!AX87*'Data Training 1'!AX93*'Data Training 1'!AX100*'Data Training 1'!AX106*'Data Training 1'!AX110*'Data Training 1'!AX116*'Data Training 1'!AX124*'Data Training 1'!AX130*'Data Training 1'!AX136*'Data Training 1'!AX142*'Data Training 1'!AX145*'Data Training 1'!AX151*'Data Training 1'!AX157*'Data Training 1'!AX164*'Data Training 1'!AX168*'Data Training 1'!AX172*'Data Training 1'!AX175*'Data Training 1'!AX179*'Data Training 1'!AX183*'Data Training 1'!AX187*'Data Training 1'!AX192*'Data Training 1'!AX195*'Data Training 1'!AX200*'Data Training 1'!AX204*'Data Training 1'!AX207*'Data Training 1'!AX211*'Data Training 1'!AX216 -> 0
AO39: P(Kesejahteraan|6) = | AQ39: ='Data Training 1'!AW27*'Data Training 1'!AY34*'Data Training 1'!AY38*'Data Training 1'!AY45*'Data Training 1'!AY50*'Data Training 1'!AY58*'Data Training 1'!AY64*'Data Training 1'!AY70*'Data Training 1'!AY75*'Data Training 1'!AY81*'Data Training 1'!AY87*'Data Training 1'!AY93*'Data Training 1'!AY100*'Data Training 1'!AY106*'Data Training 1'!AY110*'Data Training 1'!AY116*'Data Training 1'!AY124*'Data Training 1'!AY130*'Data Training 1'!AY136*'Data Training 1'!AY142*'Data Training 1'!AY145*'Data Training 1'!AY151*'Data Training 1'!AY157*'Data Training 1'!AY164*'Data Training 1'!AY168*'Data Training 1'!AY172*'Data Training 1'!AY175*'Data Training 1'!AY179*'Data Training 1'!AY183*'Data Training 1'!AY187*'Data Training 1'!AY192*'Data Training 1'!AY195*'Data Training 1'!AY200*'Data Training 1'!AY204*'Data Training 1'!AY207*'Data Training 1'!AY211*'Data Training 1'!AY216 -> 0
AO40: Hasil prediksi | AQ40: Kelas kesejahteraan 1 | AR40: sesuai dengan data aktual
AO42: Sumirah | AQ42: Kelas Kesejahteraan | AR42: IM 1 | AS42: IM 2 | AT42: IM 3 | AU42: IM 4 | AV42: IM 5 | AW42: IM 6 | AX42: IM 7 | AY42: IM 8 | AZ42: IM 9 | BA42: IM 10 | BB42: IM 11 | BC42: IM 12 | BD42: IM 13 | BE42: IM 14 | BF42: IM 15 | BG42: IM 16 | BH42: IM 17 | BI42: IM 18 | BJ42: IM 19 | BK42: IM 20 | BL42: IM 21 | BM42: IM 22 | BN42: IM 23 | BO42: IM 24 | BP42: IM 25 | BQ42: IM 26 | BR42: IM 27 | BS42: IM 28 | BT42: IM 29 | BU42: IM 30 | BV42: IM 31 | BW42: IM 32 | BX42: IM 33 | BY42: IM 34 | BZ42: IM 35 | CA42: IM 36
AQ43: 1 | AR43: D | AS43: B | AT43: A | AU43: B | AV43: D | AW43: D | AX43: D | AY43: C | AZ43: B | BA43: B | BB43: C | BC43: A | BD43: D | BE43: B | BF43: C | BG43: D | BH43: D | BI43: D | BJ43: D | BK43: A | BL43: A | BM43: A | BN43: B | BO43: B | BP43: B | BQ43: A | BR43: A | BS43: A | BT43: A | BU43: A | BV43: A | BW43: A | BX43: A | BY43: A | BZ43: A | CA43: B
AO44: P(Kesejahteraan|1) = | AQ44: ='Data Training 1'!AW22*'Data Training 1'!AT34*'Data Training 1'!AT38*'Data Training 1'!AT43*'Data Training 1'!AT50*'Data Training 1'!AT58*'Data Training 1'!AT64*'Data Training 1'!AT70*'Data Training 1'!AT75*'Data Training 1'!AT80*'Data Training 1'!AT86*'Data Training 1'!AT93*'Data Training 1'!AT97*'Data Training 1'!AT106*'Data Training 1'!AT110*'Data Training 1'!AT117*'Data Training 1'!AT124*'Data Training 1'!AT130*'Data Training 1'!AT136*'Data Training 1'!AT142*'Data Training 1'!AT145*'Data Training 1'!AT151*'Data Training 1'!AT157*'Data Training 1'!AT164*'Data Training 1'!AT168*'Data Training 1'!AT172*'Data Training 1'!AT175*'Data Training 1'!AT179*'Data Training 1'!AT183*'Data Training 1'!AT187*'Data Training 1'!AT191*'Data Training 1'!AT195*'Data Training 1'!AT199*'Data Training 1'!AT203*'Data Training 1'!AT207*'Data Training 1'!AT211*'Data Training 1'!AT216 -> 7.774501e-11
AO45: P(Kesejahteraan|2) = | AQ45: ='Data Training 1'!AW23*'Data Training 1'!AU34*'Data Training 1'!AU38*'Data Training 1'!AU43*'Data Training 1'!AU50*'Data Training 1'!AU58*'Data Training 1'!AU64*'Data Training 1'!AU70*'Data Training 1'!AU75*'Data Training 1'!AU80*'Data Training 1'!AU86*'Data Training 1'!AU93*'Data Training 1'!AU97*'Data Training 1'!AU106*'Data Training 1'!AU110*'Data Training 1'!AU117*'Data Training 1'!AU124*'Data Training 1'!AU130*'Data Training 1'!AU136*'Data Training 1'!AU142*'Data Training 1'!AU145*'Data Training 1'!AU151*'Data Training 1'!AU157*'Data Training 1'!AU164*'Data Training 1'!AU168*'Data Training 1'!AU172*'Data Training 1'!AU175*'Data Training 1'!AU179*'Data Training 1'!AU183*'Data Training 1'!AU187*'Data Training 1'!AU191*'Data Training 1'!AU195*'Data Training 1'!AU199*'Data Training 1'!AU203*'Data Training 1'!AU207*'Data Training 1'!AU211*'Data Training 1'!AU216 -> 4.9801482e-12
AO46: P(Kesejahteraan|3) = | AQ46: ='Data Training 1'!AW24*'Data Training 1'!AV34*'Data Training 1'!AV38*'Data Training 1'!AV43*'Data Training 1'!AV50*'Data Training 1'!AV58*'Data Training 1'!AV64*'Data Training 1'!AV70*'Data Training 1'!AV75*'Data Training 1'!AV80*'Data Training 1'!AV86*'Data Training 1'!AV93*'Data Training 1'!AV97*'Data Training 1'!AV106*'Data Training 1'!AV110*'Data Training 1'!AV117*'Data Training 1'!AV124*'Data Training 1'!AV130*'Data Training 1'!AV136*'Data Training 1'!AV142*'Data Training 1'!AV145*'Data Training 1'!AV151*'Data Training 1'!AV157*'Data Training 1'!AV164*'Data Training 1'!AV168*'Data Training 1'!AV172*'Data Training 1'!AV175*'Data Training 1'!AV179*'Data Training 1'!AV183*'Data Training 1'!AV187*'Data Training 1'!AV191*'Data Training 1'!AV195*'Data Training 1'!AV199*'Data Training 1'!AV203*'Data Training 1'!AV207*'Data Training 1'!AV211*'Data Training 1'!AV216 -> 0
AO47: P(Kesejahteraan|4) = | AQ47: ='Data Training 1'!AW25*'Data Training 1'!AW34*'Data Training 1'!AW38*'Data Training 1'!AW43*'Data Training 1'!AW50*'Data Training 1'!AW58*'Data Training 1'!AW64*'Data Training 1'!AW70*'Data Training 1'!AW75*'Data Training 1'!AW80*'Data Training 1'!AW86*'Data Training 1'!AW93*'Data Training 1'!AW97*'Data Training 1'!AW106*'Data Training 1'!AW110*'Data Training 1'!AW117*'Data Training 1'!AW124*'Data Training 1'!AW130*'Data Training 1'!AW136*'Data Training 1'!AW142*'Data Training 1'!AW145*'Data Training 1'!AW151*'Data Training 1'!AW157*'Data Training 1'!AW164*'Data Training 1'!AW168*'Data Training 1'!AW172*'Data Training 1'!AW175*'Data Training 1'!AW179*'Data Training 1'!AW183*'Data Training 1'!AW187*'Data Training 1'!AW191*'Data Training 1'!AW195*'Data Training 1'!AW199*'Data Training 1'!AW203*'Data Training 1'!AW207*'Data Training 1'!AW211*'Data Training 1'!AW216 -> 0
AO48: P(Kesejahteraan|5) = | AQ48: ='Data Training 1'!AW26*'Data Training 1'!AX34*'Data Training 1'!AX38*'Data Training 1'!AX43*'Data Training 1'!AX50*'Data Training 1'!AX58*'Data Training 1'!AX64*'Data Training 1'!AX70*'Data Training 1'!AX75*'Data Training 1'!AX80*'Data Training 1'!AX86*'Data Training 1'!AX93*'Data Training 1'!AX97*'Data Training 1'!AX106*'Data Training 1'!AX110*'Data Training 1'!AX117*'Data Training 1'!AX124*'Data Training 1'!AX130*'Data Training 1'!AX136*'Data Training 1'!AX142*'Data Training 1'!AX145*'Data Training 1'!AX151*'Data Training 1'!AX157*'Data Training 1'!AX164*'Data Training 1'!AX168*'Data Training 1'!AX172*'Data Training 1'!AX175*'Data Training 1'!AX179*'Data Training 1'!AX183*'Data Training 1'!AX187*'Data Training 1'!AX191*'Data Training 1'!AX195*'Data Training 1'!AX199*'Data Training 1'!AX203*'Data Training 1'!AX207*'Data Training 1'!AX211*'Data Training 1'!AX216 -> 0
AO49: P(Kesejahteraan|6) = | AQ49: ='Data Training 1'!AW27*'Data Training 1'!AY34*'Data Training 1'!AY38*'Data Training 1'!AY43*'Data Training 1'!AY50*'Data Training 1'!AY58*'Data Training 1'!AY64*'Data Training 1'!AY70*'Data Training 1'!AY75*'Data Training 1'!AY80*'Data Training 1'!AY86*'Data Training 1'!AY93*'Data Training 1'!AY97*'Data Training 1'!AY106*'Data Training 1'!AY110*'Data Training 1'!AY117*'Data Training 1'!AY124*'Data Training 1'!AY130*'Data Training 1'!AY136*'Data Training 1'!AY142*'Data Training 1'!AY145*'Data Training 1'!AY151*'Data Training 1'!AY157*'Data Training 1'!AY164*'Data Training 1'!AY168*'Data Training 1'!AY172*'Data Training 1'!AY175*'Data Training 1'!AY179*'Data Training 1'!AY183*'Data Training 1'!AY187*'Data Training 1'!AY191*'Data Training 1'!AY195*'Data Training 1'!AY199*'Data Training 1'!AY203*'Data Training 1'!AY207*'Data Training 1'!AY211*'Data Training 1'!AY216 -> 0
AO50: Hasil prediksi | AQ50: Kelas kesejahteraan 1 | AR50: sesuai dengan data aktual
AO52: Titik Suharnik | AQ52: Kelas Kesejahteraan | AR52: IM 1 | AS52: IM 2 | AT52: IM 3 | AU52: IM 4 | AV52: IM 5 | AW52: IM 6 | AX52: IM 7 | AY52: IM 8 | AZ52: IM 9 | BA52: IM 10 | BB52: IM 11 | BC52: IM 12 | BD52: IM 13 | BE52: IM 14 | BF52: IM 15 | BG52: IM 16 | BH52: IM 17 | BI52: IM 18 | BJ52: IM 19 | BK52: IM 20 | BL52: IM 21 | BM52: IM 22 | BN52: IM 23 | BO52: IM 24 | BP52: IM 25 | BQ52: IM 26 | BR52: IM 27 | BS52: IM 28 | BT52: IM 29 | BU52: IM 30 | BV52: IM 31 | BW52: IM 32 | BX52: IM 33 | BY52: IM 34 | BZ52: IM 35 | CA52: IM 36
AQ53: 1 | AR53: D | AS53: B | AT53: C | AU53: B | AV53: D | AW53: D | AX53: D | AY53: C | AZ53: B | BA53: B | BB53: C | BC53: D | BD53: D | BE53: B | BF53: C | BG53: D | BH53: D | BI53: D | BJ53: A | BK53: A | BL53: A | BM53: A | BN53: B | BO53: B | BP53: B | BQ53: A | BR53: A | BS53: A | BT53: A | BU53: B | BV53: A | BW53: B | BX53: A | BY53: A | BZ53: B | CA53: B
AO54: P(Kesejahteraan|1) = | AQ54: ='Data Training 1'!AW22*'Data Training 1'!AT34*'Data Training 1'!AT38*'Data Training 1'!AT45*'Data Training 1'!AT50*'Data Training 1'!AT58*'Data Training 1'!AT64*'Data Training 1'!AT70*'Data Training 1'!AT75*'Data Training 1'!AT80*'Data Training 1'!AT86*'Data Training 1'!AT93*'Data Training 1'!AT100*'Data Training 1'!AT106*'Data Training 1'!AT110*'Data Training 1'!AT117*'Data Training 1'!AT124*'Data Training 1'!AT130*'Data Training 1'!AT136*'Data Training 1'!AT139*'Data Training 1'!AT145*'Data Training 1'!AT151*'Data Training 1'!AT157*'Data Training 1'!AT164*'Data Training 1'!AT168*'Data Training 1'!AT172*'Data Training 1'!AT175*'Data Training 1'!AT179*'Data Training 1'!AT183*'Data Training 1'!AT187*'Data Training 1'!AT192*'Data Training 1'!AT195*'Data Training 1'!AT200*'Data Training 1'!AT203*'Data Training 1'!AT207*'Data Training 1'!AT212*'Data Training 1'!AT216 -> 1.1758933e-10
AO55: P(Kesejahteraan|2) = | AQ55: ='Data Training 1'!AW23*'Data Training 1'!AU34*'Data Training 1'!AU38*'Data Training 1'!AU45*'Data Training 1'!AU50*'Data Training 1'!AU58*'Data Training 1'!AU64*'Data Training 1'!AU70*'Data Training 1'!AU75*'Data Training 1'!AU80*'Data Training 1'!AU86*'Data Training 1'!AU93*'Data Training 1'!AU100*'Data Training 1'!AU106*'Data Training 1'!AU110*'Data Training 1'!AU117*'Data Training 1'!AU124*'Data Training 1'!AU130*'Data Training 1'!AU136*'Data Training 1'!AU139*'Data Training 1'!AU145*'Data Training 1'!AU151*'Data Training 1'!AU157*'Data Training 1'!AU164*'Data Training 1'!AU168*'Data Training 1'!AU172*'Data Training 1'!AU175*'Data Training 1'!AU179*'Data Training 1'!AU183*'Data Training 1'!AU187*'Data Training 1'!AU192*'Data Training 1'!AU195*'Data Training 1'!AU200*'Data Training 1'!AU203*'Data Training 1'!AU207*'Data Training 1'!AU212*'Data Training 1'!AU216 -> 2.2825679e-11
AO56: P(Kesejahteraan|3) = | AQ56: ='Data Training 1'!AW24*'Data Training 1'!AV34*'Data Training 1'!AV38*'Data Training 1'!AV45*'Data Training 1'!AV50*'Data Training 1'!AV58*'Data Training 1'!AV64*'Data Training 1'!AV70*'Data Training 1'!AV75*'Data Training 1'!AV80*'Data Training 1'!AV86*'Data Training 1'!AV93*'Data Training 1'!AV100*'Data Training 1'!AV106*'Data Training 1'!AV110*'Data Training 1'!AV117*'Data Training 1'!AV124*'Data Training 1'!AV130*'Data Training 1'!AV136*'Data Training 1'!AV139*'Data Training 1'!AV145*'Data Training 1'!AV151*'Data Training 1'!AV157*'Data Training 1'!AV164*'Data Training 1'!AV168*'Data Training 1'!AV172*'Data Training 1'!AV175*'Data Training 1'!AV179*'Data Training 1'!AV183*'Data Training 1'!AV187*'Data Training 1'!AV192*'Data Training 1'!AV195*'Data Training 1'!AV200*'Data Training 1'!AV203*'Data Training 1'!AV207*'Data Training 1'!AV212*'Data Training 1'!AV216 -> 0
AO57: P(Kesejahteraan|4) = | AQ57: ='Data Training 1'!AW25*'Data Training 1'!AW34*'Data Training 1'!AW38*'Data Training 1'!AW45*'Data Training 1'!AW50*'Data Training 1'!AW58*'Data Training 1'!AW64*'Data Training 1'!AW70*'Data Training 1'!AW75*'Data Training 1'!AW80*'Data Training 1'!AW86*'Data Training 1'!AW93*'Data Training 1'!AW100*'Data Training 1'!AW106*'Data Training 1'!AW110*'Data Training 1'!AW117*'Data Training 1'!AW124*'Data Training 1'!AW130*'Data Training 1'!AW136*'Data Training 1'!AW139*'Data Training 1'!AW145*'Data Training 1'!AW151*'Data Training 1'!AW157*'Data Training 1'!AW164*'Data Training 1'!AW168*'Data Training 1'!AW172*'Data Training 1'!AW175*'Data Training 1'!AW179*'Data Training 1'!AW183*'Data Training 1'!AW187*'Data Training 1'!AW192*'Data Training 1'!AW195*'Data Training 1'!AW200*'Data Training 1'!AW203*'Data Training 1'!AW207*'Data Training 1'!AW212*'Data Training 1'!AW216 -> 0
AO58: P(Kesejahteraan|5) = | AQ58: ='Data Training 1'!AW26*'Data Training 1'!AX34*'Data Training 1'!AX38*'Data Training 1'!AX45*'Data Training 1'!AX50*'Data Training 1'!AX58*'Data Training 1'!AX64*'Data Training 1'!AX70*'Data Training 1'!AX75*'Data Training 1'!AX80*'Data Training 1'!AX86*'Data Training 1'!AX93*'Data Training 1'!AX100*'Data Training 1'!AX106*'Data Training 1'!AX110*'Data Training 1'!AX117*'Data Training 1'!AX124*'Data Training 1'!AX130*'Data Training 1'!AX136*'Data Training 1'!AX139*'Data Training 1'!AX145*'Data Training 1'!AX151*'Data Training 1'!AX157*'Data Training 1'!AX164*'Data Training 1'!AX168*'Data Training 1'!AX172*'Data Training 1'!AX175*'Data Training 1'!AX179*'Data Training 1'!AX183*'Data Training 1'!AX187*'Data Training 1'!AX192*'Data Training 1'!AX195*'Data Training 1'!AX200*'Data Training 1'!AX203*'Data Training 1'!AX207*'Data Training 1'!AX212*'Data Training 1'!AX216 -> 0
AO59: P(Kesejahteraan|6) = | AQ59: ='Data Training 1'!AW27*'Data Training 1'!AY34*'Data Training 1'!AY38*'Data Training 1'!AY45*'Data Training 1'!AY50*'Data Training 1'!AY58*'Data Training 1'!AY64*'Data Training 1'!AY70*'Data Training 1'!AY75*'Data Training 1'!AY80*'Data Training 1'!AY86*'Data Training 1'!AY93*'Data Training 1'!AY100*'Data Training 1'!AY106*'Data Training 1'!AY110*'Data Training 1'!AY117*'Data Training 1'!AY124*'Data Training 1'!AY130*'Data Training 1'!AY136*'Data Training 1'!AY139*'Data Training 1'!AY145*'Data Training 1'!AY151*'Data Training 1'!AY157*'Data Training 1'!AY164*'Data Training 1'!AY168*'Data Training 1'!AY172*'Data Training 1'!AY175*'Data Training 1'!AY179*'Data Training 1'!AY183*'Data Training 1'!AY187*'Data Training 1'!AY192*'Data Training 1'!AY195*'Data Training 1'!AY200*'Data Training 1'!AY203*'Data Training 1'!AY207*'Data Training 1'!AY212*'Data Training 1'!AY216 -> 0
AO60: Hasil prediksi | AQ60: Kelas kesejahteraan 2 | AR60: Tidak sesuai dengan data aktual
AO62: Achmad Munir | AQ62: Kelas Kesejahteraan | AR62: IM 1 | AS62: IM 2 | AT62: IM 3 | AU62: IM 4 | AV62: IM 5 | AW62: IM 6 | AX62: IM 7 | AY62: IM 8 | AZ62: IM 9 | BA62: IM 10 | BB62: IM 11 | BC62: IM 12 | BD62: IM 13 | BE62: IM 14 | BF62: IM 15 | BG62: IM 16 | BH62: IM 17 | BI62: IM 18 | BJ62: IM 19 | BK62: IM 20 | BL62: IM 21 | BM62: IM 22 | BN62: IM 23 | BO62: IM 24 | BP62: IM 25 | BQ62: IM 26 | BR62: IM 27 | BS62: IM 28 | BT62: IM 29 | BU62: IM 30 | BV62: IM 31 | BW62: IM 32 | BX62: IM 33 | BY62: IM 34 | BZ62: IM 35 | CA62: IM 36
AQ63: 2 | AR63: D | AS63: B | AT63: A | AU63: B | AV63: D | AW63: D | AX63: B | AY63: A | AZ63: B | BA63: B | BB63: A | BC63: A | BD63: D | BE63: B | BF63: A | BG63: D | BH63: D | BI63: D | BJ63: B | BK63: A | BL63: A | BM63: A | BN63: B | BO63: A | BP63: A | BQ63: A | BR63: A | BS63: A | BT63: A | BU63: B | BV63: A | BW63: B | BX63: A | BY63: A | BZ63: A | CA63: B
AO64: P(Kesejahteraan|1) = | AQ64: ='Data Training 1'!AW22*'Data Training 1'!AT34*'Data Training 1'!AT38*'Data Training 1'!AT43*'Data Training 1'!AT50*'Data Training 1'!AT58*'Data Training 1'!AT64*'Data Training 1'!AT68*'Data Training 1'!AT73*'Data Training 1'!AT80*'Data Training 1'!AT86*'Data Training 1'!AT91*'Data Training 1'!AT97*'Data Training 1'!AT106*'Data Training 1'!AT110*'Data Training 1'!AT115*'Data Training 1'!AT124*'Data Training 1'!AT130*'Data Training 1'!AT136*'Data Training 1'!AT140*'Data Training 1'!AT145*'Data Training 1'!AT151*'Data Training 1'!AT157*'Data Training 1'!AT164*'Data Training 1'!AT167*'Data Training 1'!AT171*'Data Training 1'!AT175*'Data Training 1'!AT179*'Data Training 1'!AT183*'Data Training 1'!AT187*'Data Training 1'!AT192*'Data Training 1'!AT195*'Data Training 1'!AT200*'Data Training 1'!AT203*'Data Training 1'!AT207*'Data Training 1'!AT211*'Data Training 1'!AT216 -> 0
AO65: P(Kesejahteraan|2) = | AQ65: ='Data Training 1'!AW23*'Data Training 1'!AU34*'Data Training 1'!AU38*'Data Training 1'!AU43*'Data Training 1'!AU50*'Data Training 1'!AU58*'Data Training 1'!AU64*'Data Training 1'!AU68*'Data Training 1'!AU73*'Data Training 1'!AU80*'Data Training 1'!AU86*'Data Training 1'!AU91*'Data Training 1'!AU97*'Data Training 1'!AU106*'Data Training 1'!AU110*'Data Training 1'!AU115*'Data Training 1'!AU124*'Data Training 1'!AU130*'Data Training 1'!AU136*'Data Training 1'!AU140*'Data Training 1'!AU145*'Data Training 1'!AU151*'Data Training 1'!AU157*'Data Training 1'!AU164*'Data Training 1'!AU167*'Data Training 1'!AU171*'Data Training 1'!AU175*'Data Training 1'!AU179*'Data Training 1'!AU183*'Data Training 1'!AU187*'Data Training 1'!AU192*'Data Training 1'!AU195*'Data Training 1'!AU200*'Data Training 1'!AU203*'Data Training 1'!AU207*'Data Training 1'!AU211*'Data Training 1'!AU216 -> 3.2954574e-11
AO66: P(Kesejahteraan|3) = | AQ66: ='Data Training 1'!AW24*'Data Training 1'!AV34*'Data Training 1'!AV38*'Data Training 1'!AV43*'Data Training 1'!AV50*'Data Training 1'!AV58*'Data Training 1'!AV64*'Data Training 1'!AV68*'Data Training 1'!AV73*'Data Training 1'!AV80*'Data Training 1'!AV86*'Data Training 1'!AV91*'Data Training 1'!AV97*'Data Training 1'!AV106*'Data Training 1'!AV110*'Data Training 1'!AV115*'Data Training 1'!AV124*'Data Training 1'!AV130*'Data Training 1'!AV136*'Data Training 1'!AV140*'Data Training 1'!AV145*'Data Training 1'!AV151*'Data Training 1'!AV157*'Data Training 1'!AV164*'Data Training 1'!AV167*'Data Training 1'!AV171*'Data Training 1'!AV175*'Data Training 1'!AV179*'Data Training 1'!AV183*'Data Training 1'!AV187*'Data Training 1'!AV192*'Data Training 1'!AV195*'Data Training 1'!AV200*'Data Training 1'!AV203*'Data Training 1'!AV207*'Data Training 1'!AV211*'Data Training 1'!AV216 -> 0
AO67: P(Kesejahteraan|4) = | AQ67: ='Data Training 1'!AW25*'Data Training 1'!AW34*'Data Training 1'!AW38*'Data Training 1'!AW43*'Data Training 1'!AW50*'Data Training 1'!AW58*'Data Training 1'!AW64*'Data Training 1'!AW68*'Data Training 1'!AW73*'Data Training 1'!AW80*'Data Training 1'!AW86*'Data Training 1'!AW91*'Data Training 1'!AW97*'Data Training 1'!AW106*'Data Training 1'!AW110*'Data Training 1'!AW115*'Data Training 1'!AW124*'Data Training 1'!AW130*'Data Training 1'!AW136*'Data Training 1'!AW140*'Data Training 1'!AW145*'Data Training 1'!AW151*'Data Training 1'!AW157*'Data Training 1'!AW164*'Data Training 1'!AW167*'Data Training 1'!AW171*'Data Training 1'!AW175*'Data Training 1'!AW179*'Data Training 1'!AW183*'Data Training 1'!AW187*'Data Training 1'!AW192*'Data Training 1'!AW195*'Data Training 1'!AW200*'Data Training 1'!AW203*'Data Training 1'!AW207*'Data Training 1'!AW211*'Data Training 1'!AW216 -> 0
AO68: P(Kesejahteraan|5) = | AQ68: ='Data Training 1'!AW26*'Data Training 1'!AX34*'Data Training 1'!AX38*'Data Training 1'!AX43*'Data Training 1'!AX50*'Data Training 1'!AX58*'Data Training 1'!AX64*'Data Training 1'!AX68*'Data Training 1'!AX73*'Data Training 1'!AX80*'Data Training 1'!AX86*'Data Training 1'!AX91*'Data Training 1'!AX97*'Data Training 1'!AX106*'Data Training 1'!AX110*'Data Training 1'!AX115*'Data Training 1'!AX124*'Data Training 1'!AX130*'Data Training 1'!AX136*'Data Training 1'!AX140*'Data Training 1'!AX145*'Data Training 1'!AX151*'Data Training 1'!AX157*'Data Training 1'!AX164*'Data Training 1'!AX167*'Data Training 1'!AX171*'Data Training 1'!AX175*'Data Training 1'!AX179*'Data Training 1'!AX183*'Data Training 1'!AX187*'Data Training 1'!AX192*'Data Training 1'!AX195*'Data Training 1'!AX200*'Data Training 1'!AX203*'Data Training 1'!AX207*'Data Training 1'!AX211*'Data Training 1'!AX216 -> 0
AO69: P(Kesejahteraan|6) = | AQ69: ='Data Training 1'!AW27*'Data Training 1'!AY34*'Data Training 1'!AY38*'Data Training 1'!AY43*'Data Training 1'!AY50*'Data Training 1'!AY58*'Data Training 1'!AY64*'Data Training 1'!AY68*'Data Training 1'!AY73*'Data Training 1'!AY80*'Data Training 1'!AY86*'Data Training 1'!AY91*'Data Training 1'!AY97*'Data Training 1'!AY106*'Data Training 1'!AY110*'Data Training 1'!AY115*'Data Training 1'!AY124*'Data Training 1'!AY130*'Data Training 1'!AY136*'Data Training 1'!AY140*'Data Training 1'!AY145*'Data Training 1'!AY151*'Data Training 1'!AY157*'Data Training 1'!AY164*'Data Training 1'!AY167*'Data Training 1'!AY171*'Data Training 1'!AY175*'Data Training 1'!AY179*'Data Training 1'!AY183*'Data Training 1'!AY187*'Data Training 1'!AY192*'Data Training 1'!AY195*'Data Training 1'!AY200*'Data Training 1'!AY203*'Data Training 1'!AY207*'Data Training 1'!AY211*'Data Training 1'!AY216 -> 0
AO70: Hasil prediksi | AQ70: Kelas kesejahteraan 2 | AR70: sesuai dengan data aktual
AO72: Yudi Irawan | AQ72: Kelas Kesejahteraan | AR72: IM 1 | AS72: IM 2 | AT72: IM 3 | AU72: IM 4 | AV72: IM 5 | AW72: IM 6 | AX72: IM 7 | AY72: IM 8 | AZ72: IM 9 | BA72: IM 10 | BB72: IM 11 | BC72: IM 12 | BD72: IM 13 | BE72: IM 14 | BF72: IM 15 | BG72: IM 16 | BH72: IM 17 | BI72: IM 18 | BJ72: IM 19 | BK72: IM 20 | BL72: IM 21 | BM72: IM 22 | BN72: IM 23 | BO72: IM 24 | BP72: IM 25 | BQ72: IM 26 | BR72: IM 27 | BS72: IM 28 | BT72: IM 29 | BU72: IM 30 | BV72: IM 31 | BW72: IM 32 | BX72: IM 33 | BY72: IM 34 | BZ72: IM 35 | CA72: IM 36
AQ73: 2 | AR73: D | AS73: D | AT73: B | AU73: D | AV73: D | AW73: D | AX73: C | AY73: C | AZ73: B | BA73: C | BB73: C | BC73: B | BD73: D | BE73: B | BF73: A | BG73: D | BH73: D | BI73: D | BJ73: D | BK73: A | BL73: B | BM73: C | BN73: B | BO73: A | BP73: A | BQ73: A | BR73: A | BS73: A | BT73: A | BU73: B | BV73: A | BW73: A | BX73: A | BY73: A | BZ73: B | CA73: A
AO74: P(Kesejahteraan|1) = | AQ74: ='Data Training 1'!AW22*'Data Training 1'!AT34*'Data Training 1'!AT40*'Data Training 1'!AT44*'Data Training 1'!AT52*'Data Training 1'!AT58*'Data Training 1'!AT64*'Data Training 1'!AT69*'Data Training 1'!AT75*'Data Training 1'!AT80*'Data Training 1'!AT87*'Data Training 1'!AT93*'Data Training 1'!AT98*'Data Training 1'!AT106*'Data Training 1'!AT110*'Data Training 1'!AT115*'Data Training 1'!AT124*'Data Training 1'!AT130*'Data Training 1'!AT136*'Data Training 1'!AT142*'Data Training 1'!AT145*'Data Training 1'!AT152*'Data Training 1'!AT159*'Data Training 1'!AT164*'Data Training 1'!AT167*'Data Training 1'!AT171*'Data Training 1'!AT175*'Data Training 1'!AT179*'Data Training 1'!AT183*'Data Training 1'!AT187*'Data Training 1'!AT192*'Data Training 1'!AT195*'Data Training 1'!AT199*'Data Training 1'!AT203*'Data Training 1'!AT207*'Data Training 1'!AT212*'Data Training 1'!AT215 -> 0
AO75: P(Kesejahteraan|2) = | AQ75: ='Data Training 1'!AW23*'Data Training 1'!AU34*'Data Training 1'!AU40*'Data Training 1'!AU44*'Data Training 1'!AU52*'Data Training 1'!AU58*'Data Training 1'!AU64*'Data Training 1'!AU69*'Data Training 1'!AU75*'Data Training 1'!AU80*'Data Training 1'!AU87*'Data Training 1'!AU93*'Data Training 1'!AU98*'Data Training 1'!AU106*'Data Training 1'!AU110*'Data Training 1'!AU115*'Data Training 1'!AU124*'Data Training 1'!AU130*'Data Training 1'!AU136*'Data Training 1'!AU142*'Data Training 1'!AU145*'Data Training 1'!AU152*'Data Training 1'!AU159*'Data Training 1'!AU164*'Data Training 1'!AU167*'Data Training 1'!AU171*'Data Training 1'!AU175*'Data Training 1'!AU179*'Data Training 1'!AU183*'Data Training 1'!AU187*'Data Training 1'!AU192*'Data Training 1'!AU195*'Data Training 1'!AU199*'Data Training 1'!AU203*'Data Training 1'!AU207*'Data Training 1'!AU212*'Data Training 1'!AU215 -> 7.7999625e-10
AO76: P(Kesejahteraan|3) = | AQ76: ='Data Training 1'!AW24*'Data Training 1'!AV34*'Data Training 1'!AV40*'Data Training 1'!AV44*'Data Training 1'!AV52*'Data Training 1'!AV58*'Data Training 1'!AV64*'Data Training 1'!AV69*'Data Training 1'!AV75*'Data Training 1'!AV80*'Data Training 1'!AV87*'Data Training 1'!AV93*'Data Training 1'!AV98*'Data Training 1'!AV106*'Data Training 1'!AV110*'Data Training 1'!AV115*'Data Training 1'!AV124*'Data Training 1'!AV130*'Data Training 1'!AV136*'Data Training 1'!AV142*'Data Training 1'!AV145*'Data Training 1'!AV152*'Data Training 1'!AV159*'Data Training 1'!AV164*'Data Training 1'!AV167*'Data Training 1'!AV171*'Data Training 1'!AV175*'Data Training 1'!AV179*'Data Training 1'!AV183*'Data Training 1'!AV187*'Data Training 1'!AV192*'Data Training 1'!AV195*'Data Training 1'!AV199*'Data Training 1'!AV203*'Data Training 1'!AV207*'Data Training 1'!AV212*'Data Training 1'!AV215 -> 0
AO77: P(Kesejahteraan|4) = | AQ77: ='Data Training 1'!AW25*'Data Training 1'!AW34*'Data Training 1'!AW40*'Data Training 1'!AW44*'Data Training 1'!AW52*'Data Training 1'!AW58*'Data Training 1'!AW64*'Data Training 1'!AW69*'Data Training 1'!AW75*'Data Training 1'!AW80*'Data Training 1'!AW87*'Data Training 1'!AW93*'Data Training 1'!AW98*'Data Training 1'!AW106*'Data Training 1'!AW110*'Data Training 1'!AW115*'Data Training 1'!AW124*'Data Training 1'!AW130*'Data Training 1'!AW136*'Data Training 1'!AW142*'Data Training 1'!AW145*'Data Training 1'!AW152*'Data Training 1'!AW159*'Data Training 1'!AW164*'Data Training 1'!AW167*'Data Training 1'!AW171*'Data Training 1'!AW175*'Data Training 1'!AW179*'Data Training 1'!AW183*'Data Training 1'!AW187*'Data Training 1'!AW192*'Data Training 1'!AW195*'Data Training 1'!AW199*'Data Training 1'!AW203*'Data Training 1'!AW207*'Data Training 1'!AW212*'Data Training 1'!AW215 -> 0
AO78: P(Kesejahteraan|5) = | AQ78: ='Data Training 1'!AW26*'Data Training 1'!AX34*'Data Training 1'!AX40*'Data Training 1'!AX44*'Data Training 1'!AX52*'Data Training 1'!AX58*'Data Training 1'!AX64*'Data Training 1'!AX69*'Data Training 1'!AX75*'Data Training 1'!AX80*'Data Training 1'!AX87*'Data Training 1'!AX93*'Data Training 1'!AX98*'Data Training 1'!AX106*'Data Training 1'!AX110*'Data Training 1'!AX115*'Data Training 1'!AX124*'Data Training 1'!AX130*'Data Training 1'!AX136*'Data Training 1'!AX142*'Data Training 1'!AX145*'Data Training 1'!AX152*'Data Training 1'!AX159*'Data Training 1'!AX164*'Data Training 1'!AX167*'Data Training 1'!AX171*'Data Training 1'!AX175*'Data Training 1'!AX179*'Data Training 1'!AX183*'Data Training 1'!AX187*'Data Training 1'!AX192*'Data Training 1'!AX195*'Data Training 1'!AX199*'Data Training 1'!AX203*'Data Training 1'!AX207*'Data Training 1'!AX212*'Data Training 1'!AX215 -> 0
AO79: P(Kesejahteraan|6) = | AQ79: ='Data Training 1'!AW27*'Data Training 1'!AY34*'Data Training 1'!AY40*'Data Training 1'!AY44*'Data Training 1'!AY52*'Data Training 1'!AY58*'Data Training 1'!AY64*'Data Training 1'!AY69*'Data Training 1'!AY75*'Data Training 1'!AY80*'Data Training 1'!AY87*'Data Training 1'!AY93*'Data Training 1'!AY98*'Data Training 1'!AY106*'Data Training 1'!AY110*'Data Training 1'!AY115*'Data Training 1'!AY124*'Data Training 1'!AY130*'Data Training 1'!AY136*'Data Training 1'!AY142*'Data Training 1'!AY145*'Data Training 1'!AY152*'Data Training 1'!AY159*'Data Training 1'!AY164*'Data Training 1'!AY167*'Data Training 1'!AY171*'Data Training 1'!AY175*'Data Training 1'!AY179*'Data Training 1'!AY183*'Data Training 1'!AY187*'Data Training 1'!AY192*'Data Training 1'!AY195*'Data Training 1'!AY199*'Data Training 1'!AY203*'Data Training 1'!AY207*'Data Training 1'!AY212*'Data Training 1'!AY215 -> 0
AO80: Hasil prediksi | AQ80: Kelas kesejahteraan 2 | AR80: sesuai dengan data aktual
AO82: Bambang Rudianto | AQ82: Kelas Kesejahteraan | AR82: IM 1 | AS82: IM 2 | AT82: IM 3 | AU82: IM 4 | AV82: IM 5 | AW82: IM 6 | AX82: IM 7 | AY82: IM 8 | AZ82: IM 9 | BA82: IM 10 | BB82: IM 11 | BC82: IM 12 | BD82: IM 13 | BE82: IM 14 | BF82: IM 15 | BG82: IM 16 | BH82: IM 17 | BI82: IM 18 | BJ82: IM 19 | BK82: IM 20 | BL82: IM 21 | BM82: IM 22 | BN82: IM 23 | BO82: IM 24 | BP82: IM 25 | BQ82: IM 26 | BR82: IM 27 | BS82: IM 28 | BT82: IM 29 | BU82: IM 30 | BV82: IM 31 | BW82: IM 32 | BX82: IM 33 | BY82: IM 34 | BZ82: IM 35 | CA82: IM 36
AQ83: 2 | AR83: A | AS83: D | AT83: B | AU83: D | AV83: D | AW83: D | AX83: D | AY83: C | AZ83: B | BA83: C | BB83: B | BC83: C | BD83: D | BE83: B | BF83: B | BG83: D | BH83: D | BI83: D | BJ83: A | BK83: A | BL83: B | BM83: C | BN83: B | BO83: A | BP83: A | BQ83: A | BR83: A | BS83: A | BT83: A | BU83: B | BV83: A | BW83: A | BX83: A | BY83: A | BZ83: A | CA83: B
AO84: P(Kesejahteraan|1) = | AQ84: ='Data Training 1'!AW22*'Data Training 1'!AT31*'Data Training 1'!AT40*'Data Training 1'!AT44*'Data Training 1'!AT52*'Data Training 1'!AT58*'Data Training 1'!AT64*'Data Training 1'!AT70*'Data Training 1'!AT75*'Data Training 1'!AT80*'Data Training 1'!AT87*'Data Training 1'!AT92*'Data Training 1'!AT99*'Data Training 1'!AT106*'Data Training 1'!AT110*'Data Training 1'!AT116*'Data Training 1'!AT124*'Data Training 1'!AT130*'Data Training 1'!AT136*'Data Training 1'!AT139*'Data Training 1'!AT145*'Data Training 1'!AT152*'Data Training 1'!AT159*'Data Training 1'!AT164*'Data Training 1'!AT167*'Data Training 1'!AT171*'Data Training 1'!AT175*'Data Training 1'!AT179*'Data Training 1'!AT183*'Data Training 1'!AT187*'Data Training 1'!AT192*'Data Training 1'!AT195*'Data Training 1'!AT199*'Data Training 1'!AT203*'Data Training 1'!AT207*'Data Training 1'!AT211*'Data Training 1'!AT216 -> 1.4485527e-09
AO85: P(Kesejahteraan|2) = | AQ85: ='Data Training 1'!AW23*'Data Training 1'!AU31*'Data Training 1'!AU40*'Data Training 1'!AU44*'Data Training 1'!AU52*'Data Training 1'!AU58*'Data Training 1'!AU64*'Data Training 1'!AU70*'Data Training 1'!AU75*'Data Training 1'!AU80*'Data Training 1'!AU87*'Data Training 1'!AU92*'Data Training 1'!AU99*'Data Training 1'!AU106*'Data Training 1'!AU110*'Data Training 1'!AU116*'Data Training 1'!AU124*'Data Training 1'!AU130*'Data Training 1'!AU136*'Data Training 1'!AU139*'Data Training 1'!AU145*'Data Training 1'!AU152*'Data Training 1'!AU159*'Data Training 1'!AU164*'Data Training 1'!AU167*'Data Training 1'!AU171*'Data Training 1'!AU175*'Data Training 1'!AU179*'Data Training 1'!AU183*'Data Training 1'!AU187*'Data Training 1'!AU192*'Data Training 1'!AU195*'Data Training 1'!AU199*'Data Training 1'!AU203*'Data Training 1'!AU207*'Data Training 1'!AU211*'Data Training 1'!AU216 -> 6.5371115e-09
AO86: P(Kesejahteraan|3) = | AQ86: ='Data Training 1'!AW24*'Data Training 1'!AV31*'Data Training 1'!AV40*'Data Training 1'!AV44*'Data Training 1'!AV52*'Data Training 1'!AV58*'Data Training 1'!AV64*'Data Training 1'!AV70*'Data Training 1'!AV75*'Data Training 1'!AV80*'Data Training 1'!AV87*'Data Training 1'!AV92*'Data Training 1'!AV99*'Data Training 1'!AV106*'Data Training 1'!AV110*'Data Training 1'!AV116*'Data Training 1'!AV124*'Data Training 1'!AV130*'Data Training 1'!AV136*'Data Training 1'!AV139*'Data Training 1'!AV145*'Data Training 1'!AV152*'Data Training 1'!AV159*'Data Training 1'!AV164*'Data Training 1'!AV167*'Data Training 1'!AV171*'Data Training 1'!AV175*'Data Training 1'!AV179*'Data Training 1'!AV183*'Data Training 1'!AV187*'Data Training 1'!AV192*'Data Training 1'!AV195*'Data Training 1'!AV199*'Data Training 1'!AV203*'Data Training 1'!AV207*'Data Training 1'!AV211*'Data Training 1'!AV216 -> 2.2132925e-09
AO87: P(Kesejahteraan|4) = | AQ87: ='Data Training 1'!AW25*'Data Training 1'!AW31*'Data Training 1'!AW40*'Data Training 1'!AW44*'Data Training 1'!AW52*'Data Training 1'!AW58*'Data Training 1'!AW64*'Data Training 1'!AW70*'Data Training 1'!AW75*'Data Training 1'!AW80*'Data Training 1'!AW87*'Data Training 1'!AW92*'Data Training 1'!AW99*'Data Training 1'!AW106*'Data Training 1'!AW110*'Data Training 1'!AW116*'Data Training 1'!AW124*'Data Training 1'!AW130*'Data Training 1'!AW136*'Data Training 1'!AW139*'Data Training 1'!AW145*'Data Training 1'!AW152*'Data Training 1'!AW159*'Data Training 1'!AW164*'Data Training 1'!AW167*'Data Training 1'!AW171*'Data Training 1'!AW175*'Data Training 1'!AW179*'Data Training 1'!AW183*'Data Training 1'!AW187*'Data Training 1'!AW192*'Data Training 1'!AW195*'Data Training 1'!AW199*'Data Training 1'!AW203*'Data Training 1'!AW207*'Data Training 1'!AW211*'Data Training 1'!AW216 -> 0
AO88: P(Kesejahteraan|5) = | AQ88: ='Data Training 1'!AW26*'Data Training 1'!AX31*'Data Training 1'!AX40*'Data Training 1'!AX44*'Data Training 1'!AX52*'Data Training 1'!AX58*'Data Training 1'!AX64*'Data Training 1'!AX70*'Data Training 1'!AX75*'Data Training 1'!AX80*'Data Training 1'!AX87*'Data Training 1'!AX92*'Data Training 1'!AX99*'Data Training 1'!AX106*'Data Training 1'!AX110*'Data Training 1'!AX116*'Data Training 1'!AX124*'Data Training 1'!AX130*'Data Training 1'!AX136*'Data Training 1'!AX139*'Data Training 1'!AX145*'Data Training 1'!AX152*'Data Training 1'!AX159*'Data Training 1'!AX164*'Data Training 1'!AX167*'Data Training 1'!AX171*'Data Training 1'!AX175*'Data Training 1'!AX179*'Data Training 1'!AX183*'Data Training 1'!AX187*'Data Training 1'!AX192*'Data Training 1'!AX195*'Data Training 1'!AX199*'Data Training 1'!AX203*'Data Training 1'!AX207*'Data Training 1'!AX211*'Data Training 1'!AX216 -> 0
AO89: P(Kesejahteraan|6) = | AQ89: ='Data Training 1'!AW27*'Data Training 1'!AY31*'Data Training 1'!AY40*'Data Training 1'!AY44*'Data Training 1'!AY52*'Data Training 1'!AY58*'Data Training 1'!AY64*'Data Training 1'!AY70*'Data Training 1'!AY75*'Data Training 1'!AY80*'Data Training 1'!AY87*'Data Training 1'!AY92*'Data Training 1'!AY99*'Data Training 1'!AY106*'Data Training 1'!AY110*'Data Training 1'!AY116*'Data Training 1'!AY124*'Data Training 1'!AY130*'Data Training 1'!AY136*'Data Training 1'!AY139*'Data Training 1'!AY145*'Data Training 1'!AY152*'Data Training 1'!AY159*'Data Training 1'!AY164*'Data Training 1'!AY167*'Data Training 1'!AY171*'Data Training 1'!AY175*'Data Training 1'!AY179*'Data Training 1'!AY183*'Data Training 1'!AY187*'Data Training 1'!AY192*'Data Training 1'!AY195*'Data Training 1'!AY199*'Data Training 1'!AY203*'Data Training 1'!AY207*'Data Training 1'!AY211*'Data Training 1'!AY216 -> 2.0169158e-12
AO90: Hasil prediksi | AQ90: Kelas kesejahteraan 2 | AR90: sesuai dengan data aktual
AO92: Suwarno | AQ92: Kelas Kesejahteraan | AR92: IM 1 | AS92: IM 2 | AT92: IM 3 | AU92: IM 4 | AV92: IM 5 | AW92: IM 6 | AX92: IM 7 | AY92: IM 8 | AZ92: IM 9 | BA92: IM 10 | BB92: IM 11 | BC92: IM 12 | BD92: IM 13 | BE92: IM 14 | BF92: IM 15 | BG92: IM 16 | BH92: IM 17 | BI92: IM 18 | BJ92: IM 19 | BK92: IM 20 | BL92: IM 21 | BM92: IM 22 | BN92: IM 23 | BO92: IM 24 | BP92: IM 25 | BQ92: IM 26 | BR92: IM 27 | BS92: IM 28 | BT92: IM 29 | BU92: IM 30 | BV92: IM 31 | BW92: IM 32 | BX92: IM 33 | BY92: IM 34 | BZ92: IM 35 | CA92: IM 36
AQ93: 2 | AR93: C | AS93: B | AT93: C | AU93: D | AV93: D | AW93: D | AX93: D | AY93: C | AZ93: B | BA93: B | BB93: C | BC93: D | BD93: D | BE93: B | BF93: C | BG93: D | BH93: D | BI93: D | BJ93: D | BK93: A | BL93: A | BM93: A | BN93: B | BO93: A | BP93: A | BQ93: A | BR93: A | BS93: A | BT93: A | BU93: B | BV93: A | BW93: B | BX93: A | BY93: A | BZ93: A | CA93: B
AO94: P(Kesejahteraan|1) = | AQ94: ='Data Training 1'!AW22*'Data Training 1'!AT33*'Data Training 1'!AT38*'Data Training 1'!AT45*'Data Training 1'!AT52*'Data Training 1'!AT58*'Data Training 1'!AT64*'Data Training 1'!AT70*'Data Training 1'!AT75*'Data Training 1'!AT80*'Data Training 1'!AT86*'Data Training 1'!AT93*'Data Training 1'!AT100*'Data Training 1'!AT106*'Data Training 1'!AT110*'Data Training 1'!AT117*'Data Training 1'!AT124*'Data Training 1'!AT130*'Data Training 1'!AT136*'Data Training 1'!AT142*'Data Training 1'!AT145*'Data Training 1'!AT151*'Data Training 1'!AT157*'Data Training 1'!AT164*'Data Training 1'!AT167*'Data Training 1'!AT171*'Data Training 1'!AT175*'Data Training 1'!AT179*'Data Training 1'!AT183*'Data Training 1'!AT187*'Data Training 1'!AT192*'Data Training 1'!AT195*'Data Training 1'!AT200*'Data Training 1'!AT203*'Data Training 1'!AT207*'Data Training 1'!AT211*'Data Training 1'!AT216 -> 1.3718755e-08
AO95: P(Kesejahteraan|2) = | AQ95: ='Data Training 1'!AW23*'Data Training 1'!AU33*'Data Training 1'!AU38*'Data Training 1'!AU45*'Data Training 1'!AU52*'Data Training 1'!AU58*'Data Training 1'!AU64*'Data Training 1'!AU70*'Data Training 1'!AU75*'Data Training 1'!AU80*'Data Training 1'!AU86*'Data Training 1'!AU93*'Data Training 1'!AU100*'Data Training 1'!AU106*'Data Training 1'!AU110*'Data Training 1'!AU117*'Data Training 1'!AU124*'Data Training 1'!AU130*'Data Training 1'!AU136*'Data Training 1'!AU142*'Data Training 1'!AU145*'Data Training 1'!AU151*'Data Training 1'!AU157*'Data Training 1'!AU164*'Data Training 1'!AU167*'Data Training 1'!AU171*'Data Training 1'!AU175*'Data Training 1'!AU179*'Data Training 1'!AU183*'Data Training 1'!AU187*'Data Training 1'!AU192*'Data Training 1'!AU195*'Data Training 1'!AU200*'Data Training 1'!AU203*'Data Training 1'!AU207*'Data Training 1'!AU211*'Data Training 1'!AU216 -> 5.4233814e-09
AO96: P(Kesejahteraan|3) = | AQ96: ='Data Training 1'!AW24*'Data Training 1'!AV33*'Data Training 1'!AV38*'Data Training 1'!AV45*'Data Training 1'!AV52*'Data Training 1'!AV58*'Data Training 1'!AV64*'Data Training 1'!AV70*'Data Training 1'!AV75*'Data Training 1'!AV80*'Data Training 1'!AV86*'Data Training 1'!AV93*'Data Training 1'!AV100*'Data Training 1'!AV106*'Data Training 1'!AV110*'Data Training 1'!AV117*'Data Training 1'!AV124*'Data Training 1'!AV130*'Data Training 1'!AV136*'Data Training 1'!AV142*'Data Training 1'!AV145*'Data Training 1'!AV151*'Data Training 1'!AV157*'Data Training 1'!AV164*'Data Training 1'!AV167*'Data Training 1'!AV171*'Data Training 1'!AV175*'Data Training 1'!AV179*'Data Training 1'!AV183*'Data Training 1'!AV187*'Data Training 1'!AV192*'Data Training 1'!AV195*'Data Training 1'!AV200*'Data Training 1'!AV203*'Data Training 1'!AV207*'Data Training 1'!AV211*'Data Training 1'!AV216 -> 0
AO97: P(Kesejahteraan|4) = | AQ97: ='Data Training 1'!AW25*'Data Training 1'!AW33*'Data Training 1'!AW38*'Data Training 1'!AW45*'Data Training 1'!AW52*'Data Training 1'!AW58*'Data Training 1'!AW64*'Data Training 1'!AW70*'Data Training 1'!AW75*'Data Training 1'!AW80*'Data Training 1'!AW86*'Data Training 1'!AW93*'Data Training 1'!AW100*'Data Training 1'!AW106*'Data Training 1'!AW110*'Data Training 1'!AW117*'Data Training 1'!AW124*'Data Training 1'!AW130*'Data Training 1'!AW136*'Data Training 1'!AW142*'Data Training 1'!AW145*'Data Training 1'!AW151*'Data Training 1'!AW157*'Data Training 1'!AW164*'Data Training 1'!AW167*'Data Training 1'!AW171*'Data Training 1'!AW175*'Data Training 1'!AW179*'Data Training 1'!AW183*'Data Training 1'!AW187*'Data Training 1'!AW192*'Data Training 1'!AW195*'Data Training 1'!AW200*'Data Training 1'!AW203*'Data Training 1'!AW207*'Data Training 1'!AW211*'Data Training 1'!AW216 -> 0
AO98: P(Kesejahteraan|5) = | AQ98: ='Data Training 1'!AW26*'Data Training 1'!AX33*'Data Training 1'!AX38*'Data Training 1'!AX45*'Data Training 1'!AX52*'Data Training 1'!AX58*'Data Training 1'!AX64*'Data Training 1'!AX70*'Data Training 1'!AX75*'Data Training 1'!AX80*'Data Training 1'!AX86*'Data Training 1'!AX93*'Data Training 1'!AX100*'Data Training 1'!AX106*'Data Training 1'!AX110*'Data Training 1'!AX117*'Data Training 1'!AX124*'Data Training 1'!AX130*'Data Training 1'!AX136*'Data Training 1'!AX142*'Data Training 1'!AX145*'Data Training 1'!AX151*'Data Training 1'!AX157*'Data Training 1'!AX164*'Data Training 1'!AX167*'Data Training 1'!AX171*'Data Training 1'!AX175*'Data Training 1'!AX179*'Data Training 1'!AX183*'Data Training 1'!AX187*'Data Training 1'!AX192*'Data Training 1'!AX195*'Data Training 1'!AX200*'Data Training 1'!AX203*'Data Training 1'!AX207*'Data Training 1'!AX211*'Data Training 1'!AX216 -> 4.1330783e-10
AO99: P(Kesejahteraan|6) = | AQ99: ='Data Training 1'!AW27*'Data Training 1'!AY33*'Data Training 1'!AY38*'Data Training 1'!AY45*'Data Training 1'!AY52*'Data Training 1'!AY58*'Data Training 1'!AY64*'Data Training 1'!AY70*'Data Training 1'!AY75*'Data Training 1'!AY80*'Data Training 1'!AY86*'Data Training 1'!AY93*'Data Training 1'!AY100*'Data Training 1'!AY106*'Data Training 1'!AY110*'Data Training 1'!AY117*'Data Training 1'!AY124*'Data Training 1'!AY130*'Data Training 1'!AY136*'Data Training 1'!AY142*'Data Training 1'!AY145*'Data Training 1'!AY151*'Data Training 1'!AY157*'Data Training 1'!AY164*'Data Training 1'!AY167*'Data Training 1'!AY171*'Data Training 1'!AY175*'Data Training 1'!AY179*'Data Training 1'!AY183*'Data Training 1'!AY187*'Data Training 1'!AY192*'Data Training 1'!AY195*'Data Training 1'!AY200*'Data Training 1'!AY203*'Data Training 1'!AY207*'Data Training 1'!AY211*'Data Training 1'!AY216 -> 0
AO100: Hasil prediksi | AQ100: Kelas kesejahteraan 2 | AR100: sesuai dengan data aktual
AO102: Sandik | AQ102: Kelas Kesejahteraan | AR102: IM 1 | AS102: IM 2 | AT102: IM 3 | AU102: IM 4 | AV102: IM 5 | AW102: IM 6 | AX102: IM 7 | AY102: IM 8 | AZ102: IM 9 | BA102: IM 10 | BB102: IM 11 | BC102: IM 12 | BD102: IM 13 | BE102: IM 14 | BF102: IM 15 | BG102: IM 16 | BH102: IM 17 | BI102: IM 18 | BJ102: IM 19 | BK102: IM 20 | BL102: IM 21 | BM102: IM 22 | BN102: IM 23 | BO102: IM 24 | BP102: IM 25 | BQ102: IM 26 | BR102: IM 27 | BS102: IM 28 | BT102: IM 29 | BU102: IM 30 | BV102: IM 31 | BW102: IM 32 | BX102: IM 33 | BY102: IM 34 | BZ102: IM 35 | CA102: IM 36
AQ103: 2 | AR103: A | AS103: D | AT103: D | AU103: D | AV103: D | AW103: D | AX103: D | AY103: C | AZ103: B | BA103: A | BB103: A | BC103: C | BD103: D | BE103: A | BF103: C | BG103: D | BH103: C | BI103: D | BJ103: D | BK103: C | BL103: A | BM103: A | BN103: B | BO103: A | BP103: A | BQ103: A | BR103: A | BS103: A | BT103: A | BU103: A | BV103: A | BW103: A | BX103: A | BY103: A | BZ103: A | CA103: B
AO104: P(Kesejahteraan|1) = | AQ104: ='Data Training 1'!AW22*'Data Training 1'!AT31*'Data Training 1'!AT40*'Data Training 1'!AT46*'Data Training 1'!AT52*'Data Training 1'!AT58*'Data Training 1'!AT64*'Data Training 1'!AT70*'Data Training 1'!AT75*'Data Training 1'!AT80*'Data Training 1'!AT85*'Data Training 1'!AT91*'Data Training 1'!AT99*'Data Training 1'!AT106*'Data Training 1'!AT109*'Data Training 1'!AT117*'Data Training 1'!AT124*'Data Training 1'!AT129*'Data Training 1'!AT136*'Data Training 1'!AT142*'Data Training 1'!AT147*'Data Training 1'!AT151*'Data Training 1'!AT157*'Data Training 1'!AT164*'Data Training 1'!AT167*'Data Training 1'!AT171*'Data Training 1'!AT175*'Data Training 1'!AT179*'Data Training 1'!AT183*'Data Training 1'!AT187*'Data Training 1'!AT191*'Data Training 1'!AT195*'Data Training 1'!AT199*'Data Training 1'!AT203*'Data Training 1'!AT207*'Data Training 1'!AT211*'Data Training 1'!AT216 -> 0
AO105: P(Kesejahteraan|2) = | AQ105: ='Data Training 1'!AW23*'Data Training 1'!AU31*'Data Training 1'!AU40*'Data Training 1'!AU46*'Data Training 1'!AU52*'Data Training 1'!AU58*'Data Training 1'!AU64*'Data Training 1'!AU70*'Data Training 1'!AU75*'Data Training 1'!AU80*'Data Training 1'!AU85*'Data Training 1'!AU91*'Data Training 1'!AU99*'Data Training 1'!AU106*'Data Training 1'!AU109*'Data Training 1'!AU117*'Data Training 1'!AU124*'Data Training 1'!AU129*'Data Training 1'!AU136*'Data Training 1'!AU142*'Data Training 1'!AU147*'Data Training 1'!AU151*'Data Training 1'!AU157*'Data Training 1'!AU164*'Data Training 1'!AU167*'Data Training 1'!AU171*'Data Training 1'!AU175*'Data Training 1'!AU179*'Data Training 1'!AU183*'Data Training 1'!AU187*'Data Training 1'!AU191*'Data Training 1'!AU195*'Data Training 1'!AU199*'Data Training 1'!AU203*'Data Training 1'!AU207*'Data Training 1'!AU211*'Data Training 1'!AU216 -> 6.7407084e-11
AO106: P(Kesejahteraan|3) = | AQ106: ='Data Training 1'!AW24*'Data Training 1'!AV31*'Data Training 1'!AV40*'Data Training 1'!AV46*'Data Training 1'!AV52*'Data Training 1'!AV58*'Data Training 1'!AV64*'Data Training 1'!AV70*'Data Training 1'!AV75*'Data Training 1'!AV80*'Data Training 1'!AV85*'Data Training 1'!AV91*'Data Training 1'!AV99*'Data Training 1'!AV106*'Data Training 1'!AV109*'Data Training 1'!AV117*'Data Training 1'!AV124*'Data Training 1'!AV129*'Data Training 1'!AV136*'Data Training 1'!AV142*'Data Training 1'!AV147*'Data Training 1'!AV151*'Data Training 1'!AV157*'Data Training 1'!AV164*'Data Training 1'!AV167*'Data Training 1'!AV171*'Data Training 1'!AV175*'Data Training 1'!AV179*'Data Training 1'!AV183*'Data Training 1'!AV187*'Data Training 1'!AV191*'Data Training 1'!AV195*'Data Training 1'!AV199*'Data Training 1'!AV203*'Data Training 1'!AV207*'Data Training 1'!AV211*'Data Training 1'!AV216 -> 0
AO107: P(Kesejahteraan|4) = | AQ107: ='Data Training 1'!AW25*'Data Training 1'!AW31*'Data Training 1'!AW40*'Data Training 1'!AW46*'Data Training 1'!AW52*'Data Training 1'!AW58*'Data Training 1'!AW64*'Data Training 1'!AW70*'Data Training 1'!AW75*'Data Training 1'!AW80*'Data Training 1'!AW85*'Data Training 1'!AW91*'Data Training 1'!AW99*'Data Training 1'!AW106*'Data Training 1'!AW109*'Data Training 1'!AW117*'Data Training 1'!AW124*'Data Training 1'!AW129*'Data Training 1'!AW136*'Data Training 1'!AW142*'Data Training 1'!AW147*'Data Training 1'!AW151*'Data Training 1'!AW157*'Data Training 1'!AW164*'Data Training 1'!AW167*'Data Training 1'!AW171*'Data Training 1'!AW175*'Data Training 1'!AW179*'Data Training 1'!AW183*'Data Training 1'!AW187*'Data Training 1'!AW191*'Data Training 1'!AW195*'Data Training 1'!AW199*'Data Training 1'!AW203*'Data Training 1'!AW207*'Data Training 1'!AW211*'Data Training 1'!AW216 -> 0
...

Sheet Evaluasi 1
A1: No | B1: KK1 | C1: KK2 | D1: KK3 | E1: KK4 | F1: KK5 | G1: KK6 | H1: Data Aktual | I1: Hasil | J1: Prediksi
A2: =ROW()-1 -> 1 | B2: ='Data Training 1'!AW22*'Data Training 1'!AT31*'Data Training 1'!AT40*'Data Training 1'!AT44*'Data Training 1'!AT52*'Data Training 1'!AT58*'Data Training 1'!AT64*'Data Training 1'!AT69*'Data Training 1'!AT75*'Data Training 1'!AT81*'Data Training 1'!AT87*'Data Training 1'!AT92*'Data Training 1'!AT100*'Data Training 1'!AT106*'Data Training 1'!AT110*'Data Training 1'!AT116*'Data Training 1'!AT124*'Data Training 1'!AT130*'Data Training 1'!AT136*'Data Training 1'!AT141*'Data Training 1'!AT145*'Data Training 1'!AT151*'Data Training 1'!AT159*'Data Training 1'!AT163*'Data Training 1'!AT167*'Data Training 1'!AT171*'Data Training 1'!AT175*'Data Training 1'!AT179*'Data Training 1'!AT183*'Data Training 1'!AT187*'Data Training 1'!AT192*'Data Training 1'!AT195*'Data Training 1'!AT200*'Data Training 1'!AT203*'Data Training 1'!AT207*'Data Training 1'!AT211*'Data Training 1'!AT216 -> 5.8352343e-11 | C2: 0 | D2: ='Data Training 1'!AW24*'Data Training 1'!AV31*'Data Training 1'!AV40*'Data Training 1'!AV44*'Data Training 1'!AV52*'Data Training 1'!AV58*'Data Training 1'!AV64*'Data Training 1'!AV69*'Data Training 1'!AV75*'Data Training 1'!AV81*'Data Training 1'!AV87*'Data Training 1'!AV92*'Data Training 1'!AV100*'Data Training 1'!AV106*'Data Training 1'!AV110*'Data Training 1'!AV116*'Data Training 1'!AV124*'Data Training 1'!AV130*'Data Training 1'!AV136*'Data Training 1'!AV141*'Data Training 1'!AV145*'Data Training 1'!AV151*'Data Training 1'!AV159*'Data Training 1'!AV163*'Data Training 1'!AV167*'Data Training 1'!AV171*'Data Training 1'!AV175*'Data Training 1'!AV179*'Data Training 1'!AV183*'Data Training 1'!AV187*'Data Training 1'!AV192*'Data Training 1'!AV195*'Data Training 1'!AV200*'Data Training 1'!AV203*'Data Training 1'!AV207*'Data Training 1'!AV211*'Data Training 1'!AV216 -> 1.7783571e-10 | E2: 0 | F2: 0 | G2: 0 | H2: KK1 | I2: KK1 | J2: Sesuai | N2: TABEL CONFUSION MATRIX MULTI CLASS
A3: =ROW()-1 -> 2 | B3: ='Data Training 1'!AW22*'Data Training 1'!AT33*'Data Training 1'!AT38*'Data Training 1'!AT43*'Data Training 1'!AT52*'Data Training 1'!AT58*'Data Training 1'!AT64*'Data Training 1'!AT70*'Data Training 1'!AT75*'Data Training 1'!AT80*'Data Training 1'!AT86*'Data Training 1'!AT91*'Data Training 1'!AT98*'Data Training 1'!AT106*'Data Training 1'!AT110*'Data Training 1'!AT116*'Data Training 1'!AT124*'Data Training 1'!AT130*'Data Training 1'!AT136*'Data Training 1'!AT141*'Data Training 1'!AT145*'Data Training 1'!AT152*'Data Training 1'!AT159*'Data Training 1'!AT164*'Data Training 1'!AT167*'Data Training 1'!AT171*'Data Training 1'!AT175*'Data Training 1'!AT179*'Data Training 1'!AT183*'Data Training 1'!AT187*'Data Training 1'!AT191*'Data Training 1'!AT195*'Data Training 1'!AT199*'Data Training 1'!AT203*'Data Training 1'!AT207*'Data Training 1'!AT212*'Data Training 1'!AT216 -> 3.9999808e-09 | C3: ='Data Training 1'!AW23*'Data Training 1'!AU33*'Data Training 1'!AU38*'Data Training 1'!AU43*'Data Training 1'!AU52*'Data Training 1'!AU58*'Data Training 1'!AU64*'Data Training 1'!AU70*'Data Training 1'!AU75*'Data Training 1'!AU80*'Data Training 1'!AU86*'Data Training 1'!AU91*'Data Training 1'!AU98*'Data Training 1'!AU106*'Data Training 1'!AU110*'Data Training 1'!AU116*'Data Training 1'!AU124*'Data Training 1'!AU130*'Data Training 1'!AU136*'Data Training 1'!AU141*'Data Training 1'!AU145*'Data Training 1'!AU152*'Data Training 1'!AU159*'Data Training 1'!AU164*'Data Training 1'!AU167*'Data Training 1'!AU171*'Data Training 1'!AU175*'Data Training 1'!AU179*'Data Training 1'!AU183*'Data Training 1'!AU187*'Data Training 1'!AU191*'Data Training 1'!AU195*'Data Training 1'!AU199*'Data Training 1'!AU203*'Data Training 1'!AU207*'Data Training 1'!AU212*'Data Training 1'!AU216 -> 5.1357778e-12 | D3: 0 | E3: 0 | F3: 0 | G3: 0 | H3: KK1 | I3: KK2 | J3: Tidak sesuai | N3: Aktual | O3: Prediksi | U3: Jumlah
A4: =ROW()-1 -> 3 | B4: ='Data Training 1'!AW22*'Data Training 1'!AT33*'Data Training 1'!AT40*'Data Training 1'!AT44*'Data Training 1'!AT52*'Data Training 1'!AT58*'Data Training 1'!AT62*'Data Training 1'!AT69*'Data Training 1'!AT75*'Data Training 1'!AT81*'Data Training 1'!AT86*'Data Training 1'!AT91*'Data Training 1'!AT100*'Data Training 1'!AT106*'Data Training 1'!AT110*'Data Training 1'!AT116*'Data Training 1'!AT124*'Data Training 1'!AT130*'Data Training 1'!AT136*'Data Training 1'!AT142*'Data Training 1'!AT145*'Data Training 1'!AT152*'Data Training 1'!AT159*'Data Training 1'!AT164*'Data Training 1'!AT167*'Data Training 1'!AT171*'Data Training 1'!AT175*'Data Training 1'!AT179*'Data Training 1'!AT183*'Data Training 1'!AT188*'Data Training 1'!AT192*'Data Training 1'!AT195*'Data Training 1'!AT199*'Data Training 1'!AT203*'Data Training 1'!AT207*'Data Training 1'!AT211*'Data Training 1'!AT216 -> 1.9999904e-10 | C4: 0 | D4: 0 | E4: 0 | F4: 0 | G4: 0 | H4: KK1 | I4: KK1 | J4: Sesuai | O4: KK1 | P4: KK2 | Q4: KK3 | R4: KK4 | S4: KK5 | T4: KK6
A5: =ROW()-1 -> 4 | B5: ='Data Training 1'!AW22*'Data Training 1'!AT34*'Data Training 1'!AT38*'Data Training 1'!AT45*'Data Training 1'!AT50*'Data Training 1'!AT58*'Data Training 1'!AT64*'Data Training 1'!AT70*'Data Training 1'!AT75*'Data Training 1'!AT81*'Data Training 1'!AT87*'Data Training 1'!AT93*'Data Training 1'!AT100*'Data Training 1'!AT106*'Data Training 1'!AT110*'Data Training 1'!AT116*'Data Training 1'!AT124*'Data Training 1'!AT130*'Data Training 1'!AT136*'Data Training 1'!AT142*'Data Training 1'!AT145*'Data Training 1'!AT151*'Data Training 1'!AT157*'Data Training 1'!AT164*'Data Training 1'!AT168*'Data Training 1'!AT172*'Data Training 1'!AT175*'Data Training 1'!AT179*'Data Training 1'!AT183*'Data Training 1'!AT187*'Data Training 1'!AT192*'Data Training 1'!AT195*'Data Training 1'!AT200*'Data Training 1'!AT204*'Data Training 1'!AT207*'Data Training 1'!AT211*'Data Training 1'!AT216 -> 4.7634566e-11 | C5: ='Data Training 1'!AW23*'Data Training 1'!AU34*'Data Training 1'!AU38*'Data Training 1'!AU45*'Data Training 1'!AU50*'Data Training 1'!AU58*'Data Training 1'!AU64*'Data Training 1'!AU70*'Data Training 1'!AU75*'Data Training 1'!AU81*'Data Training 1'!AU87*'Data Training 1'!AU93*'Data Training 1'!AU100*'Data Training 1'!AU106*'Data Training 1'!AU110*'Data Training 1'!AU116*'Data Training 1'!AU124*'Data Training 1'!AU130*'Data Training 1'!AU136*'Data Training 1'!AU142*'Data Training 1'!AU145*'Data Training 1'!AU151*'Data Training 1'!AU157*'Data Training 1'!AU164*'Data Training 1'!AU168*'Data Training 1'!AU172*'Data Training 1'!AU175*'Data Training 1'!AU179*'Data Training 1'!AU183*'Data Training 1'!AU187*'Data Training 1'!AU192*'Data Training 1'!AU195*'Data Training 1'!AU200*'Data Training 1'!AU204*'Data Training 1'!AU207*'Data Training 1'!AU211*'Data Training 1'!AU216 -> 2.2010476e-11 | D5: 0 | E5: 0 | F5: 0 | G5: 0 | H5: KK1 | I5: KK1 | J5: Sesuai | N5: KK1 | O5: 4 | P5: 2 | Q5: 0 | R5: 0 | S5: 0 | T5: 0 | U5: =SUM(O5:T5) -> 6
A6: =ROW()-1 -> 5 | B6: ='Data Training 1'!AW22*'Data Training 1'!AT34*'Data Training 1'!AT38*'Data Training 1'!AT43*'Data Training 1'!AT50*'Data Training 1'!AT58*'Data Training 1'!AT64*'Data Training 1'!AT70*'Data Training 1'!AT75*'Data Training 1'!AT80*'Data Training 1'!AT86*'Data Training 1'!AT93*'Data Training 1'!AT97*'Data Training 1'!AT106*'Data Training 1'!AT110*'Data Training 1'!AT117*'Data Training 1'!AT124*'Data Training 1'!AT130*'Data Training 1'!AT136*'Data Training 1'!AT142*'Data Training 1'!AT145*'Data Training 1'!AT151*'Data Training 1'!AT157*'Data Training 1'!AT164*'Data Training 1'!AT168*'Data Training 1'!AT172*'Data Training 1'!AT175*'Data Training 1'!AT179*'Data Training 1'!AT183*'Data Training 1'!AT187*'Data Training 1'!AT191*'Data Training 1'!AT195*'Data Training 1'!AT199*'Data Training 1'!AT203*'Data Training 1'!AT207*'Data Training 1'!AT211*'Data Training 1'!AT216 -> 7.774501e-11 | C6: ='Data Training 1'!AW23*'Data Training 1'!AU34*'Data Training 1'!AU38*'Data Training 1'!AU43*'Data Training 1'!AU50*'Data Training 1'!AU58*'Data Training 1'!AU64*'Data Training 1'!AU70*'Data Training 1'!AU75*'Data Training 1'!AU80*'Data Training 1'!AU86*'Data Training 1'!AU93*'Data Training 1'!AU97*'Data Training 1'!AU106*'Data Training 1'!AU110*'Data Training 1'!AU117*'Data Training 1'!AU124*'Data Training 1'!AU130*'Data Training 1'!AU136*'Data Training 1'!AU142*'Data Training 1'!AU145*'Data Training 1'!AU151*'Data Training 1'!AU157*'Data Training 1'!AU164*'Data Training 1'!AU168*'Data Training 1'!AU172*'Data Training 1'!AU175*'Data Training 1'!AU179*'Data Training 1'!AU183*'Data Training 1'!AU187*'Data Training 1'!AU191*'Data Training 1'!AU195*'Data Training 1'!AU199*'Data Training 1'!AU203*'Data Training 1'!AU207*'Data Training 1'!AU211*'Data Training 1'!AU216 -> 4.9801482e-12 | D6: 0 | E6: 0 | F6: 0 | G6: 0 | H6: KK1 | I6: KK1 | J6: Sesuai | N6: KK2 | O6: 0 | P6: 6 | Q6: 0 | R6: 0 | S6: 0 | T6: 0 | U6: =SUM(O6:T6) -> 6
A7: =ROW()-1 -> 6 | B7: ='Data Training 1'!AW22*'Data Training 1'!AT34*'Data Training 1'!AT38*'Data Training 1'!AT45*'Data Training 1'!AT50*'Data Training 1'!AT58*'Data Training 1'!AT64*'Data Training 1'!AT70*'Data Training 1'!AT75*'Data Training 1'!AT80*'Data Training 1'!AT86*'Data Training 1'!AT93*'Data Training 1'!AT100*'Data Training 1'!AT106*'Data Training 1'!AT110*'Data Training 1'!AT117*'Data Training 1'!AT124*'Data Training 1'!AT130*'Data Training 1'!AT136*'Data Training 1'!AT139*'Data Training 1'!AT145*'Data Training 1'!AT151*'Data Training 1'!AT157*'Data Training 1'!AT164*'Data Training 1'!AT168*'Data Training 1'!AT172*'Data Training 1'!AT175*'Data Training 1'!AT179*'Data Training 1'!AT183*'Data Training 1'!AT187*'Data Training 1'!AT192*'Data Training 1'!AT195*'Data Training 1'!AT200*'Data Training 1'!AT203*'Data Training 1'!AT207*'Data Training 1'!AT212*'Data Training 1'!AT216 -> 1.1758933e-10 | C7: ='Data Training 1'!AW23*'Data Training 1'!AU34*'Data Training 1'!AU38*'Data Training 1'!AU45*'Data Training 1'!AU50*'Data Training 1'!AU58*'Data Training 1'!AU64*'Data Training 1'!AU70*'Data Training 1'!AU75*'Data Training 1'!AU80*'Data Training 1'!AU86*'Data Training 1'!AU93*'Data Training 1'!AU100*'Data Training 1'!AU106*'Data Training 1'!AU110*'Data Training 1'!AU117*'Data Training 1'!AU124*'Data Training 1'!AU130*'Data Training 1'!AU136*'Data Training 1'!AU139*'Data Training 1'!AU145*'Data Training 1'!AU151*'Data Training 1'!AU157*'Data Training 1'!AU164*'Data Training 1'!AU168*'Data Training 1'!AU172*'Data Training 1'!AU175*'Data Training 1'!AU179*'Data Training 1'!AU183*'Data Training 1'!AU187*'Data Training 1'!AU192*'Data Training 1'!AU195*'Data Training 1'!AU200*'Data Training 1'!AU203*'Data Training 1'!AU207*'Data Training 1'!AU212*'Data Training 1'!AU216 -> 2.2825679e-11 | D7: 0 | E7: 0 | F7: 0 | G7: 0 | H7: KK1 | I7: KK2 | J7: Tidak sesuai | N7: KK3 | O7: 0 | P7: 0 | Q7: 6 | R7: 0 | S7: 0 | T7: 0 | U7: =SUM(O7:T7) -> 6
A8: =ROW()-1 -> 7 | B8: 0 | C8: ='Data Training 1'!AW23*'Data Training 1'!AU34*'Data Training 1'!AU38*'Data Training 1'!AU43*'Data Training 1'!AU50*'Data Training 1'!AU58*'Data Training 1'!AU64*'Data Training 1'!AU68*'Data Training 1'!AU73*'Data Training 1'!AU80*'Data Training 1'!AU86*'Data Training 1'!AU91*'Data Training 1'!AU97*'Data Training 1'!AU106*'Data Training 1'!AU110*'Data Training 1'!AU115*'Data Training 1'!AU124*'Data Training 1'!AU130*'Data Training 1'!AU136*'Data Training 1'!AU140*'Data Training 1'!AU145*'Data Training 1'!AU151*'Data Training 1'!AU157*'Data Training 1'!AU164*'Data Training 1'!AU167*'Data Training 1'!AU171*'Data Training 1'!AU175*'Data Training 1'!AU179*'Data Training 1'!AU183*'Data Training 1'!AU187*'Data Training 1'!AU192*'Data Training 1'!AU195*'Data Training 1'!AU200*'Data Training 1'!AU203*'Data Training 1'!AU207*'Data Training 1'!AU211*'Data Training 1'!AU216 -> 3.2954574e-11 | D8: 0 | E8: 0 | F8: 0 | G8: 0 | H8: KK2 | I8: KK2 | J8: Sesuai | N8: KK4 | O8: 0 | P8: 0 | Q8: 0 | R8: 5 | S8: 0 | T8: 1 | U8: =SUM(O8:T8) -> 6
A9: =ROW()-1 -> 8 | B9: 0 | C9: ='Data Training 1'!AW23*'Data Training 1'!AU34*'Data Training 1'!AU40*'Data Training 1'!AU44*'Data Training 1'!AU52*'Data Training 1'!AU58*'Data Training 1'!AU64*'Data Training 1'!AU69*'Data Training 1'!AU75*'Data Training 1'!AU80*'Data Training 1'!AU87*'Data Training 1'!AU93*'Data Training 1'!AU98*'Data Training 1'!AU106*'Data Training 1'!AU110*'Data Training 1'!AU115*'Data Training 1'!AU124*'Data Training 1'!AU130*'Data Training 1'!AU136*'Data Training 1'!AU142*'Data Training 1'!AU145*'Data Training 1'!AU152*'Data Training 1'!AU159*'Data Training 1'!AU164*'Data Training 1'!AU167*'Data Training 1'!AU171*'Data Training 1'!AU175*'Data Training 1'!AU179*'Data Training 1'!AU183*'Data Training 1'!AU187*'Data Training 1'!AU192*'Data Training 1'!AU195*'Data Training 1'!AU199*'Data Training 1'!AU203*'Data Training 1'!AU207*'Data Training 1'!AU212*'Data Training 1'!AU215 -> 7.7999625e-10 | D9: 0 | E9: 0 | F9: 0 | G9: 0 | H9: KK2 | I9: KK2 | J9: Sesuai | N9: KK5 | O9: 0 | P9: 0 | Q9: 0 | R9: 0 | S9: 4 | T9: 2 | U9: =SUM(O9:T9) -> 6
A10: =ROW()-1 -> 9 | B10: ='Data Training 1'!AW22*'Data Training 1'!AT31*'Data Training 1'!AT40*'Data Training 1'!AT44*'Data Training 1'!AT52*'Data Training 1'!AT58*'Data Training 1'!AT64*'Data Training 1'!AT70*'Data Training 1'!AT75*'Data Training 1'!AT80*'Data Training 1'!AT87*'Data Training 1'!AT92*'Data Training 1'!AT99*'Data Training 1'!AT106*'Data Training 1'!AT110*'Data Training 1'!AT116*'Data Training 1'!AT124*'Data Training 1'!AT130*'Data Training 1'!AT136*'Data Training 1'!AT139*'Data Training 1'!AT145*'Data Training 1'!AT152*'Data Training 1'!AT159*'Data Training 1'!AT164*'Data Training 1'!AT167*'Data Training 1'!AT171*'Data Training 1'!AT175*'Data Training 1'!AT179*'Data Training 1'!AT183*'Data Training 1'!AT187*'Data Training 1'!AT192*'Data Training 1'!AT195*'Data Training 1'!AT199*'Data Training 1'!AT203*'Data Training 1'!AT207*'Data Training 1'!AT211*'Data Training 1'!AT216 -> 1.4485527e-09 | C10: ='Data Training 1'!AW23*'Data Training 1'!AU31*'Data Training 1'!AU40*'Data Training 1'!AU44*'Data Training 1'!AU52*'Data Training 1'!AU58*'Data Training 1'!AU64*'Data Training 1'!AU70*'Data Training 1'!AU75*'Data Training 1'!AU80*'Data Training 1'!AU87*'Data Training 1'!AU92*'Data Training 1'!AU99*'Data Training 1'!AU106*'Data Training 1'!AU110*'Data Training 1'!AU116*'Data Training 1'!AU124*'Data Training 1'!AU130*'Data Training 1'!AU136*'Data Training 1'!AU139*'Data Training 1'!AU145*'Data Training 1'!AU152*'Data Training 1'!AU159*'Data Training 1'!AU164*'Data Training 1'!AU167*'Data Training 1'!AU171*'Data Training 1'!AU175*'Data Training 1'!AU179*'Data Training 1'!AU183*'Data Training 1'!AU187*'Data Training 1'!AU192*'Data Training 1'!AU195*'Data Training 1'!AU199*'Data Training 1'!AU203*'Data Training 1'!AU207*'Data Training 1'!AU211*'Data Training 1'!AU216 -> 6.5371115e-09 | D10: ='Data Training 1'!AW24*'Data Training 1'!AV31*'Data Training 1'!AV40*'Data Training 1'!AV44*'Data Training 1'!AV52*'Data Training 1'!AV58*'Data Training 1'!AV64*'Data Training 1'!AV70*'Data Training 1'!AV75*'Data Training 1'!AV80*'Data Training 1'!AV87*'Data Training 1'!AV92*'Data Training 1'!AV99*'Data Training 1'!AV106*'Data Training 1'!AV110*'Data Training 1'!AV116*'Data Training 1'!AV124*'Data Training 1'!AV130*'Data Training 1'!AV136*'Data Training 1'!AV139*'Data Training 1'!AV145*'Data Training 1'!AV152*'Data Training 1'!AV159*'Data Training 1'!AV164*'Data Training 1'!AV167*'Data Training 1'!AV171*'Data Training 1'!AV175*'Data Training 1'!AV179*'Data Training 1'!AV183*'Data Training 1'!AV187*'Data Training 1'!AV192*'Data Training 1'!AV195*'Data Training 1'!AV199*'Data Training 1'!AV203*'Data Training 1'!AV207*'Data Training 1'!AV211*'Data Training 1'!AV216 -> 2.2132925e-09 | E10: 0 | F10: 0 | G10: ='Data Training 1'!AW27*'Data Training 1'!AY31*'Data Training 1'!AY40*'Data Training 1'!AY44*'Data Training 1'!AY52*'Data Training 1'!AY58*'Data Training 1'!AY64*'Data Training 1'!AY70*'Data Training 1'!AY75*'Data Training 1'!AY80*'Data Training 1'!AY87*'Data Training 1'!AY92*'Data Training 1'!AY99*'Data Training 1'!AY106*'Data Training 1'!AY110*'Data Training 1'!AY116*'Data Training 1'!AY124*'Data Training 1'!AY130*'Data Training 1'!AY136*'Data Training 1'!AY139*'Data Training 1'!AY145*'Data Training 1'!AY152*'Data Training 1'!AY159*'Data Training 1'!AY164*'Data Training 1'!AY167*'Data Training 1'!AY171*'Data Training 1'!AY175*'Data Training 1'!AY179*'Data Training 1'!AY183*'Data Training 1'!AY187*'Data Training 1'!AY192*'Data Training 1'!AY195*'Data Training 1'!AY199*'Data Training 1'!AY203*'Data Training 1'!AY207*'Data Training 1'!AY211*'Data Training 1'!AY216 -> 2.0169158e-12 | H10: KK2 | I10: KK2 | J10: Sesuai | N10: KK6 | O10: 0 | P10: 0 | Q10: 0 | R10: 0 | S10: 0 | T10: 6 | U10: =SUM(O10:T10) -> 6
A11: =ROW()-1 -> 10 | B11: ='Data Training 1'!AW22*'Data Training 1'!AT33*'Data Training 1'!AT38*'Data Training 1'!AT45*'Data Training 1'!AT52*'Data Training 1'!AT58*'Data Training 1'!AT64*'Data Training 1'!AT70*'Data Training 1'!AT75*'Data Training 1'!AT80*'Data Training 1'!AT86*'Data Training 1'!AT93*'Data Training 1'!AT100*'Data Training 1'!AT106*'Data Training 1'!AT110*'Data Training 1'!AT117*'Data Training 1'!AT124*'Data Training 1'!AT130*'Data Training 1'!AT136*'Data Training 1'!AT142*'Data Training 1'!AT145*'Data Training 1'!AT151*'Data Training 1'!AT157*'Data Training 1'!AT164*'Data Training 1'!AT167*'Data Training 1'!AT171*'Data Training 1'!AT175*'Data Training 1'!AT179*'Data Training 1'!AT183*'Data Training 1'!AT187*'Data Training 1'!AT192*'Data Training 1'!AT195*'Data Training 1'!AT200*'Data Training 1'!AT203*'Data Training 1'!AT207*'Data Training 1'!AT211*'Data Training 1'!AT216 -> 1.3718755e-08 | C11: ='Data Training 1'!AW23*'Data Training 1'!AU33*'Data Training 1'!AU38*'Data Training 1'!AU45*'Data Training 1'!AU52*'Data Training 1'!AU58*'Data Training 1'!AU64*'Data Training 1'!AU70*'Data Training 1'!AU75*'Data Training 1'!AU80*'Data Training 1'!AU86*'Data Training 1'!AU93*'Data Training 1'!AU100*'Data Training 1'!AU106*'Data Training 1'!AU110*'Data Training 1'!AU117*'Data Training 1'!AU124*'Data Training 1'!AU130*'Data Training 1'!AU136*'Data Training 1'!AU142*'Data Training 1'!AU145*'Data Training 1'!AU151*'Data Training 1'!AU157*'Data Training 1'!AU164*'Data Training 1'!AU167*'Data Training 1'!AU171*'Data Training 1'!AU175*'Data Training 1'!AU179*'Data Training 1'!AU183*'Data Training 1'!AU187*'Data Training 1'!AU192*'Data Training 1'!AU195*'Data Training 1'!AU200*'Data Training 1'!AU203*'Data Training 1'!AU207*'Data Training 1'!AU211*'Data Training 1'!AU216 -> 5.4233814e-09 | D11: 0 | E11: 0 | F11: ='Data Training 1'!AW26*'Data Training 1'!AX33*'Data Training 1'!AX38*'Data Training 1'!AX45*'Data Training 1'!AX52*'Data Training 1'!AX58*'Data Training 1'!AX64*'Data Training 1'!AX70*'Data Training 1'!AX75*'Data Training 1'!AX80*'Data Training 1'!AX86*'Data Training 1'!AX93*'Data Training 1'!AX100*'Data Training 1'!AX106*'Data Training 1'!AX110*'Data Training 1'!AX117*'Data Training 1'!AX124*'Data Training 1'!AX130*'Data Training 1'!AX136*'Data Training 1'!AX142*'Data Training 1'!AX145*'Data Training 1'!AX151*'Data Training 1'!AX157*'Data Training 1'!AX164*'Data Training 1'!AX167*'Data Training 1'!AX171*'Data Training 1'!AX175*'Data Training 1'!AX179*'Data Training 1'!AX183*'Data Training 1'!AX187*'Data Training 1'!AX192*'Data Training 1'!AX195*'Data Training 1'!AX200*'Data Training 1'!AX203*'Data Training 1'!AX207*'Data Training 1'!AX211*'Data Training 1'!AX216 -> 4.1330783e-10 | G11: 0 | H11: KK2 | I11: KK2 | J11: Sesuai | N11: Jumlah | O11: =SUM(O5:O10) -> 4 | P11: =SUM(P5:P10) -> 8 | Q11: =SUM(Q5:Q10) -> 6 | R11: =SUM(R5:R10) -> 5 | S11: =SUM(S5:S10) -> 4 | T11: =SUM(T5:T10) -> 9 | U11: =SUM(O11:T11) -> 36
A12: =ROW()-1 -> 11 | B12: 0 | C12: ='Data Training 1'!AW23*'Data Training 1'!AU31*'Data Training 1'!AU40*'Data Training 1'!AU46*'Data Training 1'!AU52*'Data Training 1'!AU58*'Data Training 1'!AU64*'Data Training 1'!AU70*'Data Training 1'!AU75*'Data Training 1'!AU80*'Data Training 1'!AU85*'Data Training 1'!AU91*'Data Training 1'!AU99*'Data Training 1'!AU106*'Data Training 1'!AU109*'Data Training 1'!AU117*'Data Training 1'!AU124*'Data Training 1'!AU129*'Data Training 1'!AU136*'Data Training 1'!AU142*'Data Training 1'!AU147*'Data Training 1'!AU151*'Data Training 1'!AU157*'Data Training 1'!AU164*'Data Training 1'!AU167*'Data Training 1'!AU171*'Data Training 1'!AU175*'Data Training 1'!AU179*'Data Training 1'!AU183*'Data Training 1'!AU187*'Data Training 1'!AU191*'Data Training 1'!AU195*'Data Training 1'!AU199*'Data Training 1'!AU203*'Data Training 1'!AU207*'Data Training 1'!AU211*'Data Training 1'!AU216 -> 6.7407084e-11 | D12: 0 | E12: 0 | F12: 0 | G12: ='Data Training 1'!AW27*'Data Training 1'!AY31*'Data Training 1'!AY40*'Data Training 1'!AY46*'Data Training 1'!AY52*'Data Training 1'!AY58*'Data Training 1'!AY64*'Data Training 1'!AY70*'Data Training 1'!AY75*'Data Training 1'!AY80*'Data Training 1'!AY85*'Data Training 1'!AY91*'Data Training 1'!AY99*'Data Training 1'!AY106*'Data Training 1'!AY109*'Data Training 1'!AY117*'Data Training 1'!AY124*'Data Training 1'!AY129*'Data Training 1'!AY136*'Data Training 1'!AY142*'Data Training 1'!AY147*'Data Training 1'!AY151*'Data Training 1'!AY157*'Data Training 1'!AY164*'Data Training 1'!AY167*'Data Training 1'!AY171*'Data Training 1'!AY175*'Data Training 1'!AY179*'Data Training 1'!AY183*'Data Training 1'!AY187*'Data Training 1'!AY191*'Data Training 1'!AY195*'Data Training 1'!AY199*'Data Training 1'!AY203*'Data Training 1'!AY207*'Data Training 1'!AY211*'Data Training 1'!AY216 -> 1.0756884e-12 | H12: KK2 | I12: KK2 | J12: Sesuai
A13: =ROW()-1 -> 12 | B13: 0 | C13: ='Data Training 1'!AW23*'Data Training 1'!AU31*'Data Training 1'!AU40*'Data Training 1'!AU44*'Data Training 1'!AU51*'Data Training 1'!AU58*'Data Training 1'!AU64*'Data Training 1'!AU70*'Data Training 1'!AU75*'Data Training 1'!AU81*'Data Training 1'!AU86*'Data Training 1'!AU91*'Data Training 1'!AU99*'Data Training 1'!AU106*'Data Training 1'!AU110*'Data Training 1'!AU115*'Data Training 1'!AU124*'Data Training 1'!AU130*'Data Training 1'!AU136*'Data Training 1'!AU139*'Data Training 1'!AU145*'Data Training 1'!AU152*'Data Training 1'!AU157*'Data Training 1'!AU164*'Data Training 1'!AU167*'Data Training 1'!AU171*'Data Training 1'!AU175*'Data Training 1'!AU179*'Data Training 1'!AU183*'Data Training 1'!AU187*'Data Training 1'!AU192*'Data Training 1'!AU195*'Data Training 1'!AU200*'Data Training 1'!AU203*'Data Training 1'!AU207*'Data Training 1'!AU211*'Data Training 1'!AU215 -> 2.1394183e-09 | D13: 0 | E13: 0 | F13: 0 | G13: 0 | H13: KK2 | I13: KK2 | J13: Sesuai | N13: Akurasi = (TP+TN)/Total Data | R13: =J38/J40 -> 0.86111111
A14: =ROW()-1 -> 13 | B14: ='Data Training 1'!AW22*'Data Training 1'!AT33*'Data Training 1'!AT38*'Data Training 1'!AT44*'Data Training 1'!AT51*'Data Training 1'!AT58*'Data Training 1'!AT64*'Data Training 1'!AT70*'Data Training 1'!AT75*'Data Training 1'!AT80*'Data Training 1'!AT86*'Data Training 1'!AT92*'Data Training 1'!AT99*'Data Training 1'!AT106*'Data Training 1'!AT110*'Data Training 1'!AT116*'Data Training 1'!AT124*'Data Training 1'!AT130*'Data Training 1'!AT136*'Data Training 1'!AT142*'Data Training 1'!AT145*'Data Training 1'!AT152*'Data Training 1'!AT159*'Data Training 1'!AT164*'Data Training 1'!AT167*'Data Training 1'!AT171*'Data Training 1'!AT175*'Data Training 1'!AT179*'Data Training 1'!AT183*'Data Training 1'!AT187*'Data Training 1'!AT192*'Data Training 1'!AT195*'Data Training 1'!AT200*'Data Training 1'!AT203*'Data Training 1'!AT207*'Data Training 1'!AT212*'Data Training 1'!AT216 -> 2.765701e-08 | C14: ='Data Training 1'!AW23*'Data Training 1'!AU33*'Data Training 1'!AU38*'Data Training 1'!AU44*'Data Training 1'!AU51*'Data Training 1'!AU58*'Data Training 1'!AU64*'Data Training 1'!AU70*'Data Training 1'!AU75*'Data Training 1'!AU80*'Data Training 1'!AU86*'Data Training 1'!AU92*'Data Training 1'!AU99*'Data Training 1'!AU106*'Data Training 1'!AU110*'Data Training 1'!AU116*'Data Training 1'!AU124*'Data Training 1'!AU130*'Data Training 1'!AU136*'Data Training 1'!AU142*'Data Training 1'!AU145*'Data Training 1'!AU152*'Data Training 1'!AU159*'Data Training 1'!AU164*'Data Training 1'!AU167*'Data Training 1'!AU171*'Data Training 1'!AU175*'Data Training 1'!AU179*'Data Training 1'!AU183*'Data Training 1'!AU187*'Data Training 1'!AU192*'Data Training 1'!AU195*'Data Training 1'!AU200*'Data Training 1'!AU203*'Data Training 1'!AU207*'Data Training 1'!AU212*'Data Training 1'!AU216 -> 2.8016192e-09 | D14: ='Data Training 1'!AW24*'Data Training 1'!AV33*'Data Training 1'!AV38*'Data Training 1'!AV44*'Data Training 1'!AV51*'Data Training 1'!AV58*'Data Training 1'!AV64*'Data Training 1'!AV70*'Data Training 1'!AV75*'Data Training 1'!AV80*'Data Training 1'!AV86*'Data Training 1'!AV92*'Data Training 1'!AV99*'Data Training 1'!AV106*'Data Training 1'!AV110*'Data Training 1'!AV116*'Data Training 1'!AV124*'Data Training 1'!AV130*'Data Training 1'!AV136*'Data Training 1'!AV142*'Data Training 1'!AV145*'Data Training 1'!AV152*'Data Training 1'!AV159*'Data Training 1'!AV164*'Data Training 1'!AV167*'Data Training 1'!AV171*'Data Training 1'!AV175*'Data Training 1'!AV179*'Data Training 1'!AV183*'Data Training 1'!AV187*'Data Training 1'!AV192*'Data Training 1'!AV195*'Data Training 1'!AV200*'Data Training 1'!AV203*'Data Training 1'!AV207*'Data Training 1'!AV212*'Data Training 1'!AV216 -> 5.5332312e-08 | E14: ='Data Training 1'!AW25*'Data Training 1'!AW33*'Data Training 1'!AW38*'Data Training 1'!AW44*'Data Training 1'!AW51*'Data Training 1'!AW58*'Data Training 1'!AW64*'Data Training 1'!AW70*'Data Training 1'!AW75*'Data Training 1'!AW80*'Data Training 1'!AW86*'Data Training 1'!AW92*'Data Training 1'!AW99*'Data Training 1'!AW106*'Data Training 1'!AW110*'Data Training 1'!AW116*'Data Training 1'!AW124*'Data Training 1'!AW130*'Data Training 1'!AW136*'Data Training 1'!AW142*'Data Training 1'!AW145*'Data Training 1'!AW152*'Data Training 1'!AW159*'Data Training 1'!AW164*'Data Training 1'!AW167*'Data Training 1'!AW171*'Data Training 1'!AW175*'Data Training 1'!AW179*'Data Training 1'!AW183*'Data Training 1'!AW187*'Data Training 1'!AW192*'Data Training 1'!AW195*'Data Training 1'!AW200*'Data Training 1'!AW203*'Data Training 1'!AW207*'Data Training 1'!AW212*'Data Training 1'!AW216 -> 5.0285881e-09 | F14: 0 | G14: 0 | H14: KK3 | I14: KK3 | J14: Sesuai | N14: Akurasi jumlah benar / total data
A15: =ROW()-1 -> 14 | B15: 0 | C15: 0 | D15: ='Data Training 1'!AW24*'Data Training 1'!AV33*'Data Training 1'!AV38*'Data Training 1'!AV44*'Data Training 1'!AV51*'Data Training 1'!AV58*'Data Training 1'!AV63*'Data Training 1'!AV70*'Data Training 1'!AV75*'Data Training 1'!AV80*'Data Training 1'!AV85*'Data Training 1'!AV91*'Data Training 1'!AV100*'Data Training 1'!AV106*'Data Training 1'!AV109*'Data Training 1'!AV118*'Data Training 1'!AV124*'Data Training 1'!AV130*'Data Training 1'!AV136*'Data Training 1'!AV142*'Data Training 1'!AV145*'Data Training 1'!AV152*'Data Training 1'!AV157*'Data Training 1'!AV163*'Data Training 1'!AV167*'Data Training 1'!AV171*'Data Training 1'!AV175*'Data Training 1'!AV179*'Data Training 1'!AV183*'Data Training 1'!AV187*'Data Training 1'!AV191*'Data Training 1'!AV195*'Data Training 1'!AV200*'Data Training 1'!AV203*'Data Training 1'!AV207*'Data Training 1'!AV212*'Data Training 1'!AV215 -> 7.1134285e-11 | E15: 0 | F15: 0 | G15: 0 | H15: KK3 | I15: KK3 | J15: Sesuai
A16: =ROW()-1 -> 15 | B16: 0 | C16: 0 | D16: ='Data Training 1'!AW24*'Data Training 1'!AV33*'Data Training 1'!AV38*'Data Training 1'!AV44*'Data Training 1'!AV52*'Data Training 1'!AV58*'Data Training 1'!AV64*'Data Training 1'!AV69*'Data Training 1'!AV75*'Data Training 1'!AV80*'Data Training 1'!AV86*'Data Training 1'!AV91*'Data Training 1'!AV100*'Data Training 1'!AV105*'Data Training 1'!AV110*'Data Training 1'!AV117*'Data Training 1'!AV124*'Data Training 1'!AV130*'Data Training 1'!AV136*'Data Training 1'!AV142*'Data Training 1'!AV145*'Data Training 1'!AV152*'Data Training 1'!AV158*'Data Training 1'!AV164*'Data Training 1'!AV167*'Data Training 1'!AV171*'Data Training 1'!AV175*'Data Training 1'!AV179*'Data Training 1'!AV183*'Data Training 1'!AV187*'Data Training 1'!AV192*'Data Training 1'!AV195*'Data Training 1'!AV200*'Data Training 1'!AV203*'Data Training 1'!AV207*'Data Training 1'!AV212*'Data Training 1'!AV216 -> 5.5891224e-08 | E16: 0 | F16: ='Data Training 1'!AW26*'Data Training 1'!AX33*'Data Training 1'!AX38*'Data Training 1'!AX44*'Data Training 1'!AX52*'Data Training 1'!AX58*'Data Training 1'!AX64*'Data Training 1'!AX69*'Data Training 1'!AX75*'Data Training 1'!AX80*'Data Training 1'!AX86*'Data Training 1'!AX91*'Data Training 1'!AX100*'Data Training 1'!AX105*'Data Training 1'!AX110*'Data Training 1'!AX117*'Data Training 1'!AX124*'Data Training 1'!AX130*'Data Training 1'!AX136*'Data Training 1'!AX142*'Data Training 1'!AX145*'Data Training 1'!AX152*'Data Training 1'!AX158*'Data Training 1'!AX164*'Data Training 1'!AX167*'Data Training 1'!AX171*'Data Training 1'!AX175*'Data Training 1'!AX179*'Data Training 1'!AX183*'Data Training 1'!AX187*'Data Training 1'!AX192*'Data Training 1'!AX195*'Data Training 1'!AX200*'Data Training 1'!AX203*'Data Training 1'!AX207*'Data Training 1'!AX212*'Data Training 1'!AX216 -> 3.9362651e-11 | G16: 0 | H16: KK3 | I16: KK3 | J16: Sesuai | N16: Recall = TP/(TP + FN)
A17: =ROW()-1 -> 16 | B17: 0 | C17: 0 | D17: ='Data Training 1'!AW24*'Data Training 1'!AV33*'Data Training 1'!AV40*'Data Training 1'!AV44*'Data Training 1'!AV50*'Data Training 1'!AV58*'Data Training 1'!AV64*'Data Training 1'!AV69*'Data Training 1'!AV75*'Data Training 1'!AV80*'Data Training 1'!AV85*'Data Training 1'!AV91*'Data Training 1'!AV100*'Data Training 1'!AV104*'Data Training 1'!AV110*'Data Training 1'!AV117*'Data Training 1'!AV124*'Data Training 1'!AV128*'Data Training 1'!AV135*'Data Training 1'!AV142*'Data Training 1'!AV145*'Data Training 1'!AV152*'Data Training 1'!AV159*'Data Training 1'!AV164*'Data Training 1'!AV167*'Data Training 1'!AV171*'Data Training 1'!AV175*'Data Training 1'!AV179*'Data Training 1'!AV183*'Data Training 1'!AV187*'Data Training 1'!AV192*'Data Training 1'!AV195*'Data Training 1'!AV200*'Data Training 1'!AV203*'Data Training 1'!AV207*'Data Training 1'!AV211*'Data Training 1'!AV216 -> 2.1898e-11 | E17: 0 | F17: 0 | G17: 0 | H17: KK3 | I17: KK3 | J17: Sesuai | N17: Recall Perkelas
A18: =ROW()-1 -> 17 | B18: 0 | C18: 0 | D18: ='Data Training 1'!AW24*'Data Training 1'!AV31*'Data Training 1'!AV38*'Data Training 1'!AV46*'Data Training 1'!AV52*'Data Training 1'!AV58*'Data Training 1'!AV64*'Data Training 1'!AV70*'Data Training 1'!AV75*'Data Training 1'!AV80*'Data Training 1'!AV86*'Data Training 1'!AV93*'Data Training 1'!AV99*'Data Training 1'!AV106*'Data Training 1'!AV110*'Data Training 1'!AV117*'Data Training 1'!AV123*'Data Training 1'!AV130*'Data Training 1'!AV136*'Data Training 1'!AV142*'Data Training 1'!AV146*'Data Training 1'!AV154*'Data Training 1'!AV160*'Data Training 1'!AV163*'Data Training 1'!AV167*'Data Training 1'!AV171*'Data Training 1'!AV175*'Data Training 1'!AV179*'Data Training 1'!AV183*'Data Training 1'!AV187*'Data Training 1'!AV192*'Data Training 1'!AV195*'Data Training 1'!AV200*'Data Training 1'!AV203*'Data Training 1'!AV207*'Data Training 1'!AV212*'Data Training 1'!AV216 -> 2.1170918e-13 | E18: 0 | F18: 0 | G18: 0 | H18: KK3 | I18: KK3 | J18: Sesuai | N18: KK | O18: TP | P18: FN | Q18: Totak Aktual (TP+FN) | S18: Recall
A19: =ROW()-1 -> 18 | B19: 0 | C19: 0 | D19: =PRODUCT('Data Training 1'!AW24,'Data Training 1'!AV34,'Data Training 1'!AV37,'Data Training 1'!AV43,'Data Training 1'!AV52,'Data Training 1'!AV58,'Data Training 1'!AV64,'Data Training 1'!AV70,'Data Training 1'!AV75,'Data Training 1'!AV81,'Data Training 1'!AV86,'Data Training 1'!AV91,'Data Training 1'!AV99,'Data Training 1'!AV105,'Data Training 1'!AV111,'Data Training 1'!AV118,'Data Training 1'!AV124,'Data Training 1'!AV128,'Data Training 1'!AV134,'Data Training 1'!AV141,'Data Training 1'!AV145,'Data Training 1'!AV154,'Data Training 1'!AV158,'Data Training 1'!AV164,'Data Training 1'!AV168,'Data Training 1'!AV172,'Data Training 1'!AV175,'Data Training 1'!AV179,'Data Training 1'!AV183,'Data Training 1'!AV187,'Data Training 1'!AV192,'Data Training 1'!AV195,'Data Training 1'!AV199,'Data Training 1'!AV203,'Data Training 1'!AV207,'Data Training 1'!AV211,'Data Training 1'!AV216) -> 7.3319197e-15 | E19: 0 | F19: 0 | G19: 0 | H19: KK3 | I19: KK3 | J19: Sesuai | N19: KK1 | O19: 4 | P19: 2 | Q19: =SUM(O19:P19) -> 6 | S19: =O19/Q19 -> 0.66666667
A20: =ROW()-1 -> 19 | B20: ='Data Training 1'!AW22*'Data Training 1'!AT32*'Data Training 1'!AT38*'Data Training 1'!AT44*'Data Training 1'!AT52*'Data Training 1'!AT58*'Data Training 1'!AT64*'Data Training 1'!AT70*'Data Training 1'!AT75*'Data Training 1'!AT81*'Data Training 1'!AT86*'Data Training 1'!AT92*'Data Training 1'!AT100*'Data Training 1'!AT106*'Data Training 1'!AT110*'Data Training 1'!AT117*'Data Training 1'!AT124*'Data Training 1'!AT130*'Data Training 1'!AT136*'Data Training 1'!AT139*'Data Training 1'!AT145*'Data Training 1'!AT151*'Data Training 1'!AT159*'Data Training 1'!AT164*'Data Training 1'!AT167*'Data Training 1'!AT171*'Data Training 1'!AT175*'Data Training 1'!AT179*'Data Training 1'!AT183*'Data Training 1'!AT188*'Data Training 1'!AT192*'Data Training 1'!AT195*'Data Training 1'!AT200*'Data Training 1'!AT204*'Data Training 1'!AT207*'Data Training 1'!AT211*'Data Training 1'!AT216 -> 4.5469358e-10 | C20: 0 | D20: 0 | E20: ='Data Training 1'!AW22*'Data Training 1'!AW32*'Data Training 1'!AW38*'Data Training 1'!AW44*'Data Training 1'!AW52*'Data Training 1'!AW58*'Data Training 1'!AW64*'Data Training 1'!AW70*'Data Training 1'!AW75*'Data Training 1'!AW81*'Data Training 1'!AW86*'Data Training 1'!AW92*'Data Training 1'!AW100*'Data Training 1'!AW106*'Data Training 1'!AW110*'Data Training 1'!AW117*'Data Training 1'!AW124*'Data Training 1'!AW130*'Data Training 1'!AW136*'Data Training 1'!AW139*'Data Training 1'!AW145*'Data Training 1'!AW151*'Data Training 1'!AW159*'Data Training 1'!AW164*'Data Training 1'!AW167*'Data Training 1'!AW171*'Data Training 1'!AW175*'Data Training 1'!AW179*'Data Training 1'!AW183*'Data Training 1'!AW188*'Data Training 1'!AW192*'Data Training 1'!AW195*'Data Training 1'!AW200*'Data Training 1'!AW204*'Data Training 1'!AW207*'Data Training 1'!AW211*'Data Training 1'!AW216 -> 6.0839708e-08 | F20: 0 | G20: 0 | H20: KK4 | I20: KK4 | J20: Sesuai | N20: KK2 | O20: 6 | P20: 0 | Q20: =SUM(O20:P20) -> 6 | S20: =O20/Q20 -> 1
A21: =ROW()-1 -> 20 | B21: 0 | C21: 0 | D21: 0 | E21: ='Data Training 1'!AW25*'Data Training 1'!AW34*'Data Training 1'!AW40*'Data Training 1'!AW45*'Data Training 1'!AW52*'Data Training 1'!AW58*'Data Training 1'!AW64*'Data Training 1'!AW70*'Data Training 1'!AW75*'Data Training 1'!AW81*'Data Training 1'!AW87*'Data Training 1'!AW92*'Data Training 1'!AW100*'Data Training 1'!AW106*'Data Training 1'!AW111*'Data Training 1'!AW117*'Data Training 1'!AW124*'Data Training 1'!AW130*'Data Training 1'!AW136*'Data Training 1'!AW142*'Data Training 1'!AW146*'Data Training 1'!AW152*'Data Training 1'!AW159*'Data Training 1'!AW164*'Data Training 1'!AW167*'Data Training 1'!AW171*'Data Training 1'!AW175*'Data Training 1'!AW179*'Data Training 1'!AW183*'Data Training 1'!AW188*'Data Training 1'!AW192*'Data Training 1'!AW195*'Data Training 1'!AW200*'Data Training 1'!AW204*'Data Training 1'!AW207*'Data Training 1'!AW212*'Data Training 1'!AW216 -> 5.912508e-08 | F21: ='Data Training 1'!AW26*'Data Training 1'!AX34*'Data Training 1'!AX40*'Data Training 1'!AX45*'Data Training 1'!AX52*'Data Training 1'!AX58*'Data Training 1'!AX64*'Data Training 1'!AX70*'Data Training 1'!AX75*'Data Training 1'!AX81*'Data Training 1'!AX87*'Data Training 1'!AX92*'Data Training 1'!AX100*'Data Training 1'!AX106*'Data Training 1'!AX111*'Data Training 1'!AX117*'Data Training 1'!AX124*'Data Training 1'!AX130*'Data Training 1'!AX136*'Data Training 1'!AX142*'Data Training 1'!AX146*'Data Training 1'!AX152*'Data Training 1'!AX159*'Data Training 1'!AX164*'Data Training 1'!AX167*'Data Training 1'!AX171*'Data Training 1'!AX175*'Data Training 1'!AX179*'Data Training 1'!AX183*'Data Training 1'!AX188*'Data Training 1'!AX192*'Data Training 1'!AX195*'Data Training 1'!AX200*'Data Training 1'!AX204*'Data Training 1'!AX207*'Data Training 1'!AX212*'Data Training 1'!AX216 -> 3.7379334e-08 | G21: ='Data Training 1'!AW27*'Data Training 1'!AY34*'Data Training 1'!AY40*'Data Training 1'!AY45*'Data Training 1'!AY52*'Data Training 1'!AY58*'Data Training 1'!AY64*'Data Training 1'!AY70*'Data Training 1'!AY75*'Data Training 1'!AY81*'Data Training 1'!AY87*'Data Training 1'!AY92*'Data Training 1'!AY100*'Data Training 1'!AY106*'Data Training 1'!AY111*'Data Training 1'!AY117*'Data Training 1'!AY124*'Data Training 1'!AY130*'Data Training 1'!AY136*'Data Training 1'!AY142*'Data Training 1'!AY146*'Data Training 1'!AY152*'Data Training 1'!AY159*'Data Training 1'!AY164*'Data Training 1'!AY167*'Data Training 1'!AY171*'Data Training 1'!AY175*'Data Training 1'!AY179*'Data Training 1'!AY183*'Data Training 1'!AY188*'Data Training 1'!AY192*'Data Training 1'!AY195*'Data Training 1'!AY200*'Data Training 1'!AY204*'Data Training 1'!AY207*'Data Training 1'!AY212*'Data Training 1'!AY216 -> 2.4311039e-10 | H21: KK4 | I21: KK4 | J21: Sesuai | N21: KK3 | O21: 6 | P21: 0 | Q21: =SUM(O21:P21) -> 6 | S21: =O21/Q21 -> 1
A22: =ROW()-1 -> 21 | B22: 0 | C22: 0 | D22: 0 | E22: ='Data Training 1'!AW25*'Data Training 1'!AW34*'Data Training 1'!AW38*'Data Training 1'!AW45*'Data Training 1'!AW52*'Data Training 1'!AW58*'Data Training 1'!AW64*'Data Training 1'!AW69*'Data Training 1'!AW75*'Data Training 1'!AW80*'Data Training 1'!AW86*'Data Training 1'!AW92*'Data Training 1'!AW97*'Data Training 1'!AW105*'Data Training 1'!AW111*'Data Training 1'!AW116*'Data Training 1'!AW124*'Data Training 1'!AW129*'Data Training 1'!AW135*'Data Training 1'!AW142*'Data Training 1'!AW146*'Data Training 1'!AW153*'Data Training 1'!AW159*'Data Training 1'!AW164*'Data Training 1'!AW167*'Data Training 1'!AW171*'Data Training 1'!AW175*'Data Training 1'!AW179*'Data Training 1'!AW183*'Data Training 1'!AW188*'Data Training 1'!AW192*'Data Training 1'!AW195*'Data Training 1'!AW200*'Data Training 1'!AW203*'Data Training 1'!AW207*'Data Training 1'!AW211*'Data Training 1'!AW216 -> 1.7102296e-13 | F22: 0 | G22: ='Data Training 1'!AW27*'Data Training 1'!AY34*'Data Training 1'!AY38*'Data Training 1'!AY45*'Data Training 1'!AY52*'Data Training 1'!AY58*'Data Training 1'!AY64*'Data Training 1'!AY69*'Data Training 1'!AY75*'Data Training 1'!AY80*'Data Training 1'!AY86*'Data Training 1'!AY92*'Data Training 1'!AY97*'Data Training 1'!AY105*'Data Training 1'!AY111*'Data Training 1'!AY116*'Data Training 1'!AY124*'Data Training 1'!AY129*'Data Training 1'!AY135*'Data Training 1'!AY142*'Data Training 1'!AY146*'Data Training 1'!AY153*'Data Training 1'!AY159*'Data Training 1'!AY164*'Data Training 1'!AY167*'Data Training 1'!AY171*'Data Training 1'!AY175*'Data Training 1'!AY179*'Data Training 1'!AY183*'Data Training 1'!AY188*'Data Training 1'!AY192*'Data Training 1'!AY195*'Data Training 1'!AY200*'Data Training 1'!AY203*'Data Training 1'!AY207*'Data Training 1'!AY211*'Data Training 1'!AY216 -> 1.050477e-13 | H22: KK4 | I22: KK4 | J22: Sesuai | N22: KK4 | O22: 5 | P22: 1 | Q22: =SUM(O22:P22) -> 6 | S22: =O22/Q22 -> 0.83333333
A23: =ROW()-1 -> 22 | B23: 0 | C23: 0 | D23: 0 | E23: 0 | F23: 0 | G23: =PRODUCT('Data Training 1'!AW27,'Data Training 1'!AY34,'Data Training 1'!AY40,'Data Training 1'!AY45,'Data Training 1'!AY52,'Data Training 1'!AY58,'Data Training 1'!AY64,'Data Training 1'!AY70,'Data Training 1'!AY75,'Data Training 1'!AY80,'Data Training 1'!AY85,'Data Training 1'!AY91,'Data Training 1'!AY98,'Data Training 1'!AY105,'Data Training 1'!AY111,'Data Training 1'!AY116,'Data Training 1'!AY124,'Data Training 1'!AY128,'Data Training 1'!AY135,'Data Training 1'!AY142,'Data Training 1'!AY146,'Data Training 1'!AY151,'Data Training 1'!AY157,'Data Training 1'!AY164,'Data Training 1'!AY167,'Data Training 1'!AY171,'Data Training 1'!AY175,'Data Training 1'!AY179,'Data Training 1'!AY183,'Data Training 1'!AY187,'Data Training 1'!AY192,'Data Training 1'!AY196,'Data Training 1'!AY200,'Data Training 1'!AY203,'Data Training 1'!AY207,'Data Training 1'!AY212,'Data Training 1'!AY216) -> 4.5273083e-13 | H23: KK4 | I23: KK6 | J23: Tidak sesuai | N23: KK5 | O23: 4 | P23: 2 | Q23: =SUM(O23:P23) -> 6 | S23: =O23/Q23 -> 0.66666667
A24: =ROW()-1 -> 23 | B24: 0 | C24: 0 | D24: 0 | E24: =PRODUCT('Data Training 1'!AW25,'Data Training 1'!AW33,'Data Training 1'!AW40,'Data Training 1'!AW45,'Data Training 1'!AW52,'Data Training 1'!AW58,'Data Training 1'!AW64,'Data Training 1'!AW70,'Data Training 1'!AW75,'Data Training 1'!AW81,'Data Training 1'!AW87,'Data Training 1'!AW94,'Data Training 1'!AW97,'Data Training 1'!AW106,'Data Training 1'!AW111,'Data Training 1'!AW115,'Data Training 1'!AW124,'Data Training 1'!AW130,'Data Training 1'!AW136,'Data Training 1'!AW139,'Data Training 1'!AW146,'Data Training 1'!AW151,'Data Training 1'!AW157,'Data Training 1'!AW164,'Data Training 1'!AW167,'Data Training 1'!AW171,'Data Training 1'!AW175,'Data Training 1'!AW179,'Data Training 1'!AW183,'Data Training 1'!AW187,'Data Training 1'!AW192,'Data Training 1'!AW195,'Data Training 1'!AW200,'Data Training 1'!AW203,'Data Training 1'!AW207,'Data Training 1'!AW212,'Data Training 1'!AW216) -> 1.6555023e-10 | F24: 0 | G24: 0 | H24: KK4 | I24: KK4 | J24: Sesuai | N24: KK6 | O24: 6 | P24: 0 | Q24: =SUM(O24:P24) -> 6 | S24: =O24/Q24 -> 1
A25: =ROW()-1 -> 24 | B25: 0 | C25: 0 | D25: 0 | E25: =PRODUCT('Data Training 1'!AW25,'Data Training 1'!AW32,'Data Training 1'!AW40,'Data Training 1'!AW43,'Data Training 1'!AW52,'Data Training 1'!AW58,'Data Training 1'!AW64,'Data Training 1'!AW70,'Data Training 1'!AW75,'Data Training 1'!AW81,'Data Training 1'!AW85,'Data Training 1'!AW91,'Data Training 1'!AW100,'Data Training 1'!AW105,'Data Training 1'!AW110,'Data Training 1'!AW118,'Data Training 1'!AW124,'Data Training 1'!AW129,'Data Training 1'!AW136,'Data Training 1'!AW142,'Data Training 1'!AW145,'Data Training 1'!AW151,'Data Training 1'!AW159,'Data Training 1'!AW164,'Data Training 1'!AW167,'Data Training 1'!AW171,'Data Training 1'!AW175,'Data Training 1'!AW179,'Data Training 1'!AW183,'Data Training 1'!AW187,'Data Training 1'!AW192,'Data Training 1'!AW195,'Data Training 1'!AW200,'Data Training 1'!AW203,'Data Training 1'!AW207,'Data Training 1'!AW211,'Data Training 1'!AW216) -> 8.04492e-10 | F25: 0 | G25: 0 | H25: KK4 | I25: KK4 | J25: Sesuai | N25: Rata-Rata Recall | S25: =SUM(S19:S24)/6 -> 0.86111111
A26: =ROW()-1 -> 25 | B26: 0 | C26: 0 | D26: 0 | E26: ='Data Training 1'!AW25*'Data Training 1'!AW34*'Data Training 1'!AW38*'Data Training 1'!AW44*'Data Training 1'!AW52*'Data Training 1'!AW58*'Data Training 1'!AW64*'Data Training 1'!AW70*'Data Training 1'!AW75*'Data Training 1'!AW81*'Data Training 1'!AW88*'Data Training 1'!AW92*'Data Training 1'!AW99*'Data Training 1'!AW106*'Data Training 1'!AW111*'Data Training 1'!AW116*'Data Training 1'!AW124*'Data Training 1'!AW130*'Data Training 1'!AW136*'Data Training 1'!AW142*'Data Training 1'!AW146*'Data Training 1'!AW151*'Data Training 1'!AW159*'Data Training 1'!AW164*'Data Training 1'!AW167*'Data Training 1'!AW171*'Data Training 1'!AW175*'Data Training 1'!AW179*'Data Training 1'!AW183*'Data Training 1'!AW187*'Data Training 1'!AW192*'Data Training 1'!AW195*'Data Training 1'!AW200*'Data Training 1'!AW203*'Data Training 1'!AW207*'Data Training 1'!AW211*'Data Training 1'!AW216 -> 1.2515597e-07 | F26: ='Data Training 1'!AW26*'Data Training 1'!AX34*'Data Training 1'!AX38*'Data Training 1'!AX44*'Data Training 1'!AX52*'Data Training 1'!AX58*'Data Training 1'!AX64*'Data Training 1'!AX70*'Data Training 1'!AX75*'Data Training 1'!AX81*'Data Training 1'!AX88*'Data Training 1'!AX92*'Data Training 1'!AX99*'Data Training 1'!AX106*'Data Training 1'!AX111*'Data Training 1'!AX116*'Data Training 1'!AX124*'Data Training 1'!AX130*'Data Training 1'!AX136*'Data Training 1'!AX142*'Data Training 1'!AX146*'Data Training 1'!AX151*'Data Training 1'!AX159*'Data Training 1'!AX164*'Data Training 1'!AX167*'Data Training 1'!AX171*'Data Training 1'!AX175*'Data Training 1'!AX179*'Data Training 1'!AX183*'Data Training 1'!AX187*'Data Training 1'!AX192*'Data Training 1'!AX195*'Data Training 1'!AX200*'Data Training 1'!AX203*'Data Training 1'!AX207*'Data Training 1'!AX211*'Data Training 1'!AX216 -> 2.1264688e-08 | G26: ='Data Training 1'!AW27*'Data Training 1'!AY34*'Data Training 1'!AY38*'Data Training 1'!AY44*'Data Training 1'!AY52*'Data Training 1'!AY58*'Data Training 1'!AY64*'Data Training 1'!AY70*'Data Training 1'!AY75*'Data Training 1'!AY81*'Data Training 1'!AY88*'Data Training 1'!AY92*'Data Training 1'!AY99*'Data Training 1'!AY106*'Data Training 1'!AY111*'Data Training 1'!AY116*'Data Training 1'!AY124*'Data Training 1'!AY130*'Data Training 1'!AY136*'Data Training 1'!AY142*'Data Training 1'!AY146*'Data Training 1'!AY151*'Data Training 1'!AY159*'Data Training 1'!AY164*'Data Training 1'!AY167*'Data Training 1'!AY171*'Data Training 1'!AY175*'Data Training 1'!AY179*'Data Training 1'!AY183*'Data Training 1'!AY187*'Data Training 1'!AY192*'Data Training 1'!AY195*'Data Training 1'!AY200*'Data Training 1'!AY203*'Data Training 1'!AY207*'Data Training 1'!AY211*'Data Training 1'!AY216 -> 7.5634344e-11 | H26: KK5 | I26: KK6 | J26: Tidak sesuai
A27: =ROW()-1 -> 26 | B27: 0 | C27: 0 | D27: 0 | E27: 0 | F27: ='Data Training 1'!AW26*'Data Training 1'!AX34*'Data Training 1'!AX38*'Data Training 1'!AX46*'Data Training 1'!AX52*'Data Training 1'!AX58*'Data Training 1'!AX64*'Data Training 1'!AX70*'Data Training 1'!AX75*'Data Training 1'!AX81*'Data Training 1'!AX85*'Data Training 1'!AX91*'Data Training 1'!AX98*'Data Training 1'!AX106*'Data Training 1'!AX111*'Data Training 1'!AX118*'Data Training 1'!AX123*'Data Training 1'!AX129*'Data Training 1'!AX136*'Data Training 1'!AX139*'Data Training 1'!AX146*'Data Training 1'!AX152*'Data Training 1'!AX157*'Data Training 1'!AX164*'Data Training 1'!AX167*'Data Training 1'!AX171*'Data Training 1'!AX175*'Data Training 1'!AX179*'Data Training 1'!AX183*'Data Training 1'!AX188*'Data Training 1'!AX192*'Data Training 1'!AX195*'Data Training 1'!AX200*'Data Training 1'!AX203*'Data Training 1'!AX207*'Data Training 1'!AX211*'Data Training 1'!AX216 -> 9.0646534e-11 | G27: 0 | H27: KK5 | I27: KK5 | J27: Sesuai | N27: Precision = TP / (TP + FP)
A28: =ROW()-1 -> 27 | B28: 0 | C28: 0 | D28: 0 | E28: 0 | F28: ='Data Training 1'!AW26*'Data Training 1'!AX34*'Data Training 1'!AX40*'Data Training 1'!AX45*'Data Training 1'!AX52*'Data Training 1'!AX58*'Data Training 1'!AX62*'Data Training 1'!AX70*'Data Training 1'!AX75*'Data Training 1'!AX81*'Data Training 1'!AX87*'Data Training 1'!AX93*'Data Training 1'!AX99*'Data Training 1'!AX105*'Data Training 1'!AX110*'Data Training 1'!AX116*'Data Training 1'!AX124*'Data Training 1'!AX130*'Data Training 1'!AX136*'Data Training 1'!AX142*'Data Training 1'!AX146*'Data Training 1'!AX152*'Data Training 1'!AX159*'Data Training 1'!AX164*'Data Training 1'!AX167*'Data Training 1'!AX171*'Data Training 1'!AX175*'Data Training 1'!AX179*'Data Training 1'!AX183*'Data Training 1'!AX188*'Data Training 1'!AX192*'Data Training 1'!AX195*'Data Training 1'!AX200*'Data Training 1'!AX204*'Data Training 1'!AX207*'Data Training 1'!AX212*'Data Training 1'!AX216 -> 3.0513742e-09 | G28: ='Data Training 1'!AW27*'Data Training 1'!AY34*'Data Training 1'!AY40*'Data Training 1'!AY45*'Data Training 1'!AY52*'Data Training 1'!AY58*'Data Training 1'!AY62*'Data Training 1'!AY70*'Data Training 1'!AY75*'Data Training 1'!AY81*'Data Training 1'!AY87*'Data Training 1'!AY93*'Data Training 1'!AY99*'Data Training 1'!AY105*'Data Training 1'!AY110*'Data Training 1'!AY116*'Data Training 1'!AY124*'Data Training 1'!AY130*'Data Training 1'!AY136*'Data Training 1'!AY142*'Data Training 1'!AY146*'Data Training 1'!AY152*'Data Training 1'!AY159*'Data Training 1'!AY164*'Data Training 1'!AY167*'Data Training 1'!AY171*'Data Training 1'!AY175*'Data Training 1'!AY179*'Data Training 1'!AY183*'Data Training 1'!AY188*'Data Training 1'!AY192*'Data Training 1'!AY195*'Data Training 1'!AY200*'Data Training 1'!AY204*'Data Training 1'!AY207*'Data Training 1'!AY212*'Data Training 1'!AY216 -> 8.1855351e-13 | H28: KK5 | I28: KK6 | J28: Tidak sesuai | N28: Precesion (perkelas)
A29: =ROW()-1 -> 28 | B29: 0 | C29: 0 | D29: 0 | E29: =PRODUCT('Data Training 1'!AW25,'Data Training 1'!AW33,'Data Training 1'!AW38,'Data Training 1'!AW46,'Data Training 1'!AW52,'Data Training 1'!AW58,'Data Training 1'!AW64,'Data Training 1'!AW70,'Data Training 1'!AW75,'Data Training 1'!AW80,'Data Training 1'!AW86,'Data Training 1'!AW94,'Data Training 1'!AW99,'Data Training 1'!AW106,'Data Training 1'!AW111,'Data Training 1'!AW117,'Data Training 1'!AW124,'Data Training 1'!AW130,'Data Training 1'!AW136,'Data Training 1'!AW140,'Data Training 1'!AW146,'Data Training 1'!AW151,'Data Training 1'!AW159,'Data Training 1'!AW164,'Data Training 1'!AW167,'Data Training 1'!AW171,'Data Training 1'!AW175,'Data Training 1'!AW179,'Data Training 1'!AW183,'Data Training 1'!AW188,'Data Training 1'!AW192,'Data Training 1'!AW195,'Data Training 1'!AW200,'Data Training 1'!AW203,'Data Training 1'!AW207,'Data Training 1'!AW211,'Data Training 1'!AW216) -> 1.7168172e-10 | F29: =PRODUCT('Data Training 1'!AW26,'Data Training 1'!AX33,'Data Training 1'!AX38,'Data Training 1'!AX46,'Data Training 1'!AX52,'Data Training 1'!AX58,'Data Training 1'!AX64,'Data Training 1'!AX70,'Data Training 1'!AX75,'Data Training 1'!AX80,'Data Training 1'!AX86,'Data Training 1'!AX94,'Data Training 1'!AX99,'Data Training 1'!AX106,'Data Training 1'!AX111,'Data Training 1'!AX117,'Data Training 1'!AX124,'Data Training 1'!AX130,'Data Training 1'!AX136,'Data Training 1'!AX140,'Data Training 1'!AX146,'Data Training 1'!AX151,'Data Training 1'!AX159,'Data Training 1'!AX164,'Data Training 1'!AX167,'Data Training 1'!AX171,'Data Training 1'!AX175,'Data Training 1'!AX179,'Data Training 1'!AX183,'Data Training 1'!AX188,'Data Training 1'!AX192,'Data Training 1'!AX195,'Data Training 1'!AX200,'Data Training 1'!AX203,'Data Training 1'!AX207,'Data Training 1'!AX211,'Data Training 1'!AX216) -> 8.8998415e-11 | G29: 0 | H29: KK5 | I29: KK5 | J29: Sesuai | N29: KK | O29: TP | P29: FP | Q29: Total Kolom (TP+FP) | S29: Precesion
A30: =ROW()-1 -> 29 | B30: 0 | C30: 0 | D30: 0 | E30: 0 | F30: =PRODUCT('Data Training 1'!AW26,'Data Training 1'!AX33,'Data Training 1'!AX38,'Data Training 1'!AX43,'Data Training 1'!AX52,'Data Training 1'!AX58,'Data Training 1'!AX62,'Data Training 1'!AX70,'Data Training 1'!AX75,'Data Training 1'!AX80,'Data Training 1'!AX87,'Data Training 1'!AX93,'Data Training 1'!AX100,'Data Training 1'!AX106,'Data Training 1'!AX111,'Data Training 1'!AX118,'Data Training 1'!AX124,'Data Training 1'!AX128,'Data Training 1'!AX136,'Data Training 1'!AX141,'Data Training 1'!AX145,'Data Training 1'!AX151,'Data Training 1'!AX159,'Data Training 1'!AX164,'Data Training 1'!AX167,'Data Training 1'!AX171,'Data Training 1'!AX175,'Data Training 1'!AX179,'Data Training 1'!AX183,'Data Training 1'!AX187,'Data Training 1'!AX192,'Data Training 1'!AX195,'Data Training 1'!AX200,'Data Training 1'!AX203,'Data Training 1'!AX207,'Data Training 1'!AX212,'Data Training 1'!AX216) -> 3.0998087e-11 | G30: 0 | H30: KK5 | I30: KK5 | J30: Sesuai | N30: KK1 | O30: 4 | P30: 0 | Q30: =SUM(O30:P30) -> 4 | S30: =O30/Q30 -> 1
A31: =ROW()-1 -> 30 | B31: 0 | C31: 0 | D31: 0 | E31: 0 | F31: =PRODUCT('Data Training 1'!AW26,'Data Training 1'!AX34,'Data Training 1'!AX40,'Data Training 1'!AX44,'Data Training 1'!AX52,'Data Training 1'!AX58,'Data Training 1'!AX64,'Data Training 1'!AX70,'Data Training 1'!AX75,'Data Training 1'!AX81,'Data Training 1'!AX88,'Data Training 1'!AX93,'Data Training 1'!AX99,'Data Training 1'!AX103,'Data Training 1'!AX110,'Data Training 1'!AX117,'Data Training 1'!AX124,'Data Training 1'!AX130,'Data Training 1'!AX136,'Data Training 1'!AX140,'Data Training 1'!AX146,'Data Training 1'!AX152,'Data Training 1'!AX157,'Data Training 1'!AX164,'Data Training 1'!AX167,'Data Training 1'!AX171,'Data Training 1'!AX175,'Data Training 1'!AX179,'Data Training 1'!AX183,'Data Training 1'!AX188,'Data Training 1'!AX192,'Data Training 1'!AX195,'Data Training 1'!AX200,'Data Training 1'!AX203,'Data Training 1'!AX207,'Data Training 1'!AX212,'Data Training 1'!AX216) -> 3.1078812e-09 | G31: 0 | H31: KK5 | I31: KK5 | J31: Sesuai | N31: KK2 | O31: 6 | P31: 2 | Q31: =SUM(O31:P31) -> 8 | S31: =O31/Q31 -> 0.75
A32: =ROW()-1 -> 31 | B32: 0 | C32: 0 | D32: 0 | E32: 0 | F32: 0 | G32: ='Data Training 1'!AW27*'Data Training 1'!AY34*'Data Training 1'!AY40*'Data Training 1'!AY44*'Data Training 1'!AY52*'Data Training 1'!AY58*'Data Training 1'!AY64*'Data Training 1'!AY70*'Data Training 1'!AY75*'Data Training 1'!AY81*'Data Training 1'!AY85*'Data Training 1'!AY91*'Data Training 1'!AY97*'Data Training 1'!AY106*'Data Training 1'!AY109*'Data Training 1'!AY124*'Data Training 1'!AY118*'Data Training 1'!AY130*'Data Training 1'!AY136*'Data Training 1'!AY140*'Data Training 1'!AY148*'Data Training 1'!AY153*'Data Training 1'!AY159*'Data Training 1'!AY164*'Data Training 1'!AY167*'Data Training 1'!AY171*'Data Training 1'!AY175*'Data Training 1'!AY179*'Data Training 1'!AY183*'Data Training 1'!AY187*'Data Training 1'!AY192*'Data Training 1'!AY195*'Data Training 1'!AY200*'Data Training 1'!AY204*'Data Training 1'!AY207*'Data Training 1'!AY212*'Data Training 1'!AY216 -> 8.0676634e-10 | H32: KK6 | I32: KK6 | J32: Sesuai | N32: KK3 | O32: 6 | P32: 0 | Q32: =SUM(O32:P32) -> 6 | S32: =O32/Q32 -> 1
A33: =ROW()-1 -> 32 | B33: 0 | C33: 0 | D33: 0 | E33: 0 | F33: 0 | G33: ='Data Training 1'!AW27*'Data Training 1'!AY31*'Data Training 1'!AY40*'Data Training 1'!AY45*'Data Training 1'!AY52*'Data Training 1'!AY58*'Data Training 1'!AY64*'Data Training 1'!AY69*'Data Training 1'!AY75*'Data Training 1'!AY81*'Data Training 1'!AY85*'Data Training 1'!AY93*'Data Training 1'!AY100*'Data Training 1'!AY106*'Data Training 1'!AY109*'Data Training 1'!AY118*'Data Training 1'!AY124*'Data Training 1'!AY130*'Data Training 1'!AY136*'Data Training 1'!AY142*'Data Training 1'!AY145*'Data Training 1'!AY152*'Data Training 1'!AY159*'Data Training 1'!AY164*'Data Training 1'!AY167*'Data Training 1'!AY171*'Data Training 1'!AY175*'Data Training 1'!AY180*'Data Training 1'!AY183*'Data Training 1'!AY188*'Data Training 1'!AY192*'Data Training 1'!AY196*'Data Training 1'!AY200*'Data Training 1'!AY204*'Data Training 1'!AY208*'Data Training 1'!AY212*'Data Training 1'!AY216 -> 1.6408277e-12 | H33: KK6 | I33: KK6 | J33: Sesuai | N33: KK4 | O33: 5 | P33: 0 | Q33: =SUM(O33:P33) -> 5 | S33: =O33/Q33 -> 1
A34: =ROW()-1 -> 33 | B34: 0 | C34: 0 | D34: 0 | E34: 0 | F34: 0 | G34: ='Data Training 1'!AW27*'Data Training 1'!AY34*'Data Training 1'!AY40*'Data Training 1'!AY44*'Data Training 1'!AY51*'Data Training 1'!AY58*'Data Training 1'!AY64*'Data Training 1'!AY70*'Data Training 1'!AY76*'Data Training 1'!AY81*'Data Training 1'!AY85*'Data Training 1'!AY91*'Data Training 1'!AY99*'Data Training 1'!AY106*'Data Training 1'!AY111*'Data Training 1'!AY117*'Data Training 1'!AY124*'Data Training 1'!AY128*'Data Training 1'!AY136*'Data Training 1'!AY140*'Data Training 1'!AY147*'Data Training 1'!AY153*'Data Training 1'!AY160*'Data Training 1'!AY164*'Data Training 1'!AY167*'Data Training 1'!AY171*'Data Training 1'!AY175*'Data Training 1'!AY180*'Data Training 1'!AY183*'Data Training 1'!AY188*'Data Training 1'!AY192*'Data Training 1'!AY196*'Data Training 1'!AY200*'Data Training 1'!AY204*'Data Training 1'!AY208*'Data Training 1'!AY212*'Data Training 1'!AY216 -> 4.2092742e-14 | H34: KK6 | I34: KK6 | J34: Sesuai | N34: KK5 | O34: 4 | P34: 0 | Q34: =SUM(O34:P34) -> 4 | S34: =O34/Q34 -> 1
A35: =ROW()-1 -> 34 | B35: 0 | C35: 0 | D35: 0 | E35: 0 | F35: 0 | G35: =PRODUCT('Data Training 1'!AW27,'Data Training 1'!AY34,'Data Training 1'!AY40,'Data Training 1'!AY45,'Data Training 1'!AY52,'Data Training 1'!AY58,'Data Training 1'!AY64,'Data Training 1'!AY70,'Data Training 1'!AY76,'Data Training 1'!AY81,'Data Training 1'!AY85,'Data Training 1'!AY91,'Data Training 1'!AY100,'Data Training 1'!AY105,'Data Training 1'!AY110,'Data Training 1'!AY118,'Data Training 1'!AY124,'Data Training 1'!AY128,'Data Training 1'!AY136,'Data Training 1'!AY142,'Data Training 1'!AY145,'Data Training 1'!AY152,'Data Training 1'!AY159,'Data Training 1'!AY164,'Data Training 1'!AY167,'Data Training 1'!AY171,'Data Training 1'!AY176,'Data Training 1'!AY179,'Data Training 1'!AY183,'Data Training 1'!AY187,'Data Training 1'!AY192,'Data Training 1'!AY195,'Data Training 1'!AY200,'Data Training 1'!AY203,'Data Training 1'!AY207,'Data Training 1'!AY211,'Data Training 1'!AY216) -> 2.738116e-10 | H35: KK6 | I35: KK6 | J35: Sesuai | N35: KK6 | O35: 6 | P35: 3 | Q35: =SUM(O35:P35) -> 9 | S35: =O35/Q35 -> 0.66666667
A36: =ROW()-1 -> 35 | B36: 0 | C36: 0 | D36: 0 | E36: 0 | F36: 0 | G36: =PRODUCT('Data Training 1'!AW27,'Data Training 1'!AY34,'Data Training 1'!AY40,'Data Training 1'!AY44,'Data Training 1'!AY52,'Data Training 1'!AY58,'Data Training 1'!AY64,'Data Training 1'!AY70,'Data Training 1'!AY75,'Data Training 1'!AY81,'Data Training 1'!AY87,'Data Training 1'!AY93,'Data Training 1'!AY98,'Data Training 1'!AY106,'Data Training 1'!AY110,'Data Training 1'!AY116,'Data Training 1'!AY124,'Data Training 1'!AY130,'Data Training 1'!AY136,'Data Training 1'!AY141,'Data Training 1'!AY146,'Data Training 1'!AY151,'Data Training 1'!AY157,'Data Training 1'!AY164,'Data Training 1'!AY167,'Data Training 1'!AY171,'Data Training 1'!AY175,'Data Training 1'!AY180,'Data Training 1'!AY183,'Data Training 1'!AY187,'Data Training 1'!AY192,'Data Training 1'!AY196,'Data Training 1'!AY200,'Data Training 1'!AY204,'Data Training 1'!AY208,'Data Training 1'!AY212,'Data Training 1'!AY216) -> 1.7859349e-13 | H36: KK6 | I36: KK6 | J36: Sesuai | N36: Rata-Rata Presisi | S36: =SUM(S30:S35)/6 -> 0.90277778
